ev_id,arrival_period_raw,departure_period_raw,arrival_slot,departure_slot,departure_slot_exclusive,available_periods
1,1,44,0,42,43,43
2,1,44,0,42,43,43
3,1,44,0,42,43,43
4,1,44,0,42,43,43
5,1,44,0,42,43,43
6,1,44,0,42,43,43
7,1,44,0,42,43,43
8,1,44,0,42,43,43
9,1,44,0,42,43,43
10,1,44,0,42,43,43
11,1,44,0,42,43,43
12,1,44,0,42,43,43
13,1,44,0,42,43,43
14,1,44,0,42,43,43
15,1,44,0,42,43,43
16,1,44,0,42,43,43
17,1,44,0,42,43,43
18,1,44,0,42,43,43
19,1,44,0,42,43,43
20,1,44,0,42,43,43
21,1,44,0,42,43,43
22,1,44,0,42,43,43
23,1,44,0,42,43,43
24,1,44,0,42,43,43
25,1,44,0,42,43,43
26,1,44,0,42,43,43
27,1,44,0,42,43,43
28,1,44,0,42,43,43
29,1,44,0,42,43,43
30,1,44,0,42,43,43
31,1,44,0,42,43,43
32,1,44,0,42,43,43
33,1,44,0,42,43,43
34,1,44,0,42,43,43
35,1,44,0,42,43,43
36,1,44,0,42,43,43
37,1,45,0,43,44,44
38,1,45,0,43,44,44
39,1,45,0,43,44,44
40,1,45,0,43,44,44
41,1,45,0,43,44,44
42,1,45,0,43,44,44
43,1,45,0,43,44,44
44,1,45,0,43,44,44
45,1,45,0,43,44,44
46,1,45,0,43,44,44
47,1,45,0,43,44,44
48,1,45,0,43,44,44
49,1,45,0,43,44,44
50,1,45,0,43,44,44
51,1,45,0,43,44,44
52,1,45,0,43,44,44
53,1,45,0,43,44,44
54,1,45,0,43,44,44
55,1,45,0,43,44,44
56,1,45,0,43,44,44
57,1,45,0,43,44,44
58,1,45,0,43,44,44
59,1,45,0,43,44,44
60,1,45,0,43,44,44
61,1,45,0,43,44,44
62,1,45,0,43,44,44
63,1,46,0,44,45,45
64,1,46,0,44,45,45
65,1,46,0,44,45,45
66,1,46,0,44,45,45
67,1,46,0,44,45,45
68,1,46,0,44,45,45
69,1,46,0,44,45,45
70,1,46,0,44,45,45
71,1,46,0,44,45,45
72,1,46,0,44,45,45
73,1,46,0,44,45,45
74,1,46,0,44,45,45
75,1,46,0,44,45,45
76,1,46,0,44,45,45
77,1,46,0,44,45,45
78,1,46,0,44,45,45
79,1,46,0,44,45,45
80,1,46,0,44,45,45
81,1,46,0,44,45,45
82,1,46,0,44,45,45
83,1,46,0,44,45,45
84,1,46,0,44,45,45
85,1,46,0,44,45,45
86,1,46,0,44,45,45
87,1,46,0,44,45,45
88,1,46,0,44,45,45
89,1,46,0,44,45,45
90,1,46,0,44,45,45
91,1,46,0,44,45,45
92,1,46,0,44,45,45
93,1,46,0,44,45,45
94,1,46,0,44,45,45
95,1,46,0,44,45,45
96,1,46,0,44,45,45
97,1,47,0,45,46,46
98,1,47,0,45,46,46
99,1,47,0,45,46,46
100,1,47,0,45,46,46
101,1,47,0,45,46,46
102,1,47,0,45,46,46
103,1,47,0,45,46,46
104,1,47,0,45,46,46
105,1,47,0,45,46,46
106,1,47,0,45,46,46
107,1,47,0,45,46,46
108,1,47,0,45,46,46
109,1,47,0,45,46,46
110,1,47,0,45,46,46
111,1,47,0,45,46,46
112,1,47,0,45,46,46
113,1,47,0,45,46,46
114,1,47,0,45,46,46
115,1,47,0,45,46,46
116,1,47,0,45,46,46
117,1,47,0,45,46,46
118,1,47,0,45,46,46
119,1,47,0,45,46,46
120,1,47,0,45,46,46
121,1,47,0,45,46,46
122,1,47,0,45,46,46
123,1,47,0,45,46,46
124,1,47,0,45,46,46
125,1,47,0,45,46,46
126,1,47,0,45,46,46
127,1,47,0,45,46,46
128,1,47,0,45,46,46
129,1,47,0,45,46,46
130,1,47,0,45,46,46
131,1,47,0,45,46,46
132,1,47,0,45,46,46
133,1,47,0,45,46,46
134,1,47,0,45,46,46
135,1,47,0,45,46,46
136,1,47,0,45,46,46
137,1,48,0,46,47,47
138,1,48,0,46,47,47
139,1,48,0,46,47,47
140,1,48,0,46,47,47
141,1,48,0,46,47,47
142,1,48,0,46,47,47
143,1,48,0,46,47,47
144,1,48,0,46,47,47
145,1,48,0,46,47,47
146,1,48,0,46,47,47
147,1,48,0,46,47,47
148,1,48,0,46,47,47
149,1,48,0,46,47,47
150,1,48,0,46,47,47
151,1,48,0,46,47,47
152,1,48,0,46,47,47
153,1,48,0,46,47,47
154,1,48,0,46,47,47
155,1,48,0,46,47,47
156,1,48,0,46,47,47
157,1,48,0,46,47,47
158,1,48,0,46,47,47
159,1,48,0,46,47,47
160,1,48,0,46,47,47
161,1,48,0,46,47,47
162,1,48,0,46,47,47
163,1,48,0,46,47,47
164,1,48,0,46,47,47
165,1,48,0,46,47,47
166,1,48,0,46,47,47
167,1,48,0,46,47,47
168,1,48,0,46,47,47
169,1,48,0,46,47,47
170,1,48,0,46,47,47
171,1,48,0,46,47,47
172,1,48,0,46,47,47
173,1,48,0,46,47,47
174,1,48,0,46,47,47
175,1,48,0,46,47,47
176,1,48,0,46,47,47
177,1,48,0,46,47,47
178,1,48,0,46,47,47
179,1,48,0,46,47,47
180,1,48,0,46,47,47
181,1,48,0,46,47,47
182,1,48,0,46,47,47
183,1,48,0,46,47,47
184,1,48,0,46,47,47
185,1,49,0,47,48,48
186,1,49,0,47,48,48
187,1,49,0,47,48,48
188,1,49,0,47,48,48
189,1,49,0,47,48,48
190,1,49,0,47,48,48
191,1,49,0,47,48,48
192,1,49,0,47,48,48
193,1,49,0,47,48,48
194,1,49,0,47,48,48
195,1,49,0,47,48,48
196,1,49,0,47,48,48
197,1,49,0,47,48,48
198,1,49,0,47,48,48
199,1,49,0,47,48,48
200,1,49,0,47,48,48
201,1,49,0,47,48,48
202,1,49,0,47,48,48
203,1,49,0,47,48,48
204,1,49,0,47,48,48
205,1,49,0,47,48,48
206,1,49,0,47,48,48
207,1,49,0,47,48,48
208,1,49,0,47,48,48
209,1,49,0,47,48,48
210,1,49,0,47,48,48
211,1,49,0,47,48,48
212,1,49,0,47,48,48
213,1,49,0,47,48,48
214,1,49,0,47,48,48
215,1,49,0,47,48,48
216,1,49,0,47,48,48
217,1,49,0,47,48,48
218,1,49,0,47,48,48
219,1,49,0,47,48,48
220,1,49,0,47,48,48
221,1,49,0,47,48,48
222,1,49,0,47,48,48
223,1,49,0,47,48,48
224,1,49,0,47,48,48
225,1,49,0,47,48,48
226,1,49,0,47,48,48
227,1,49,0,47,48,48
228,1,49,0,47,48,48
229,1,49,0,47,48,48
230,1,49,0,47,48,48
231,1,49,0,47,48,48
232,1,49,0,47,48,48
233,1,49,0,47,48,48
234,1,49,0,47,48,48
235,1,49,0,47,48,48
236,1,49,0,47,48,48
237,1,49,0,47,48,48
238,1,49,0,47,48,48
239,1,50,0,48,49,49
240,1,50,0,48,49,49
241,1,50,0,48,49,49
242,1,50,0,48,49,49
243,1,50,0,48,49,49
244,1,50,0,48,49,49
245,1,50,0,48,49,49
246,1,50,0,48,49,49
247,1,50,0,48,49,49
248,1,50,0,48,49,49
249,1,50,0,48,49,49
250,1,50,0,48,49,49
251,1,50,0,48,49,49
252,1,50,0,48,49,49
253,1,50,0,48,49,49
254,1,50,0,48,49,49
255,1,50,0,48,49,49
256,1,50,0,48,49,49
257,1,50,0,48,49,49
258,1,50,0,48,49,49
259,1,50,0,48,49,49
260,1,50,0,48,49,49
261,1,50,0,48,49,49
262,1,50,0,48,49,49
263,1,50,0,48,49,49
264,1,50,0,48,49,49
265,1,50,0,48,49,49
266,1,50,0,48,49,49
267,1,50,0,48,49,49
268,1,50,0,48,49,49
269,1,50,0,48,49,49
270,1,50,0,48,49,49
271,1,50,0,48,49,49
272,1,50,0,48,49,49
273,1,50,0,48,49,49
274,1,50,0,48,49,49
275,1,50,0,48,49,49
276,1,50,0,48,49,49
277,1,50,0,48,49,49
278,1,50,0,48,49,49
279,1,50,0,48,49,49
280,1,50,0,48,49,49
281,1,50,0,48,49,49
282,1,50,0,48,49,49
283,1,50,0,48,49,49
284,1,50,0,48,49,49
285,1,50,0,48,49,49
286,1,50,0,48,49,49
287,1,50,0,48,49,49
288,1,50,0,48,49,49
289,1,50,0,48,49,49
290,1,50,0,48,49,49
291,1,50,0,48,49,49
292,1,50,0,48,49,49
293,1,50,0,48,49,49
294,1,50,0,48,49,49
295,1,50,0,48,49,49
296,1,50,0,48,49,49
297,1,50,0,48,49,49
298,1,50,0,48,49,49
299,1,50,0,48,49,49
300,1,50,0,48,49,49
301,1,50,0,48,49,49
302,1,50,0,48,49,49
303,1,51,0,49,50,50
304,1,51,0,49,50,50
305,1,51,0,49,50,50
306,1,51,0,49,50,50
307,1,51,0,49,50,50
308,1,51,0,49,50,50
309,1,51,0,49,50,50
310,1,51,0,49,50,50
311,1,51,0,49,50,50
312,1,51,0,49,50,50
313,1,51,0,49,50,50
314,1,51,0,49,50,50
315,1,51,0,49,50,50
316,1,51,0,49,50,50
317,1,51,0,49,50,50
318,1,51,0,49,50,50
319,1,51,0,49,50,50
320,1,51,0,49,50,50
321,1,51,0,49,50,50
322,1,51,0,49,50,50
323,1,51,0,49,50,50
324,1,51,0,49,50,50
325,1,51,0,49,50,50
326,1,51,0,49,50,50
327,1,51,0,49,50,50
328,1,51,0,49,50,50
329,1,51,0,49,50,50
330,1,51,0,49,50,50
331,1,51,0,49,50,50
332,1,51,0,49,50,50
333,1,51,0,49,50,50
334,1,51,0,49,50,50
335,1,51,0,49,50,50
336,1,51,0,49,50,50
337,1,51,0,49,50,50
338,1,51,0,49,50,50
339,1,51,0,49,50,50
340,1,51,0,49,50,50
341,1,51,0,49,50,50
342,1,51,0,49,50,50
343,1,51,0,49,50,50
344,1,51,0,49,50,50
345,1,51,0,49,50,50
346,1,51,0,49,50,50
347,1,51,0,49,50,50
348,1,51,0,49,50,50
349,1,51,0,49,50,50
350,1,51,0,49,50,50
351,1,51,0,49,50,50
352,1,51,0,49,50,50
353,1,51,0,49,50,50
354,1,51,0,49,50,50
355,1,51,0,49,50,50
356,1,51,0,49,50,50
357,1,51,0,49,50,50
358,1,51,0,49,50,50
359,1,51,0,49,50,50
360,1,51,0,49,50,50
361,1,51,0,49,50,50
362,1,51,0,49,50,50
363,1,51,0,49,50,50
364,1,51,0,49,50,50
365,1,51,0,49,50,50
366,1,51,0,49,50,50
367,1,51,0,49,50,50
368,1,51,0,49,50,50
369,1,51,0,49,50,50
370,1,51,0,49,50,50
371,1,51,0,49,50,50
372,1,51,0,49,50,50
373,1,51,0,49,50,50
374,1,51,0,49,50,50
375,1,51,0,49,50,50
376,1,51,0,49,50,50
377,1,51,0,49,50,50
378,1,51,0,49,50,50
379,1,51,0,49,50,50
380,1,51,0,49,50,50
381,1,51,0,49,50,50
382,1,51,0,49,50,50
383,1,52,0,50,51,51
384,1,52,0,50,51,51
385,1,52,0,50,51,51
386,1,52,0,50,51,51
387,1,52,0,50,51,51
388,1,52,0,50,51,51
389,1,52,0,50,51,51
390,1,52,0,50,51,51
391,1,52,0,50,51,51
392,1,52,0,50,51,51
393,1,52,0,50,51,51
394,1,52,0,50,51,51
395,1,52,0,50,51,51
396,1,52,0,50,51,51
397,1,52,0,50,51,51
398,1,52,0,50,51,51
399,1,52,0,50,51,51
400,1,52,0,50,51,51
401,1,52,0,50,51,51
402,1,52,0,50,51,51
403,1,52,0,50,51,51
404,1,52,0,50,51,51
405,1,52,0,50,51,51
406,1,52,0,50,51,51
407,1,52,0,50,51,51
408,1,52,0,50,51,51
409,1,52,0,50,51,51
410,1,52,0,50,51,51
411,1,52,0,50,51,51
412,1,52,0,50,51,51
413,1,52,0,50,51,51
414,1,52,0,50,51,51
415,1,52,0,50,51,51
416,1,52,0,50,51,51
417,1,52,0,50,51,51
418,1,52,0,50,51,51
419,1,52,0,50,51,51
420,1,52,0,50,51,51
421,1,52,0,50,51,51
422,1,52,0,50,51,51
423,1,52,0,50,51,51
424,1,52,0,50,51,51
425,1,52,0,50,51,51
426,1,52,0,50,51,51
427,1,52,0,50,51,51
428,1,52,0,50,51,51
429,1,52,0,50,51,51
430,1,52,0,50,51,51
431,1,52,0,50,51,51
432,1,52,0,50,51,51
433,1,52,0,50,51,51
434,1,52,0,50,51,51
435,1,52,0,50,51,51
436,1,52,0,50,51,51
437,1,52,0,50,51,51
438,1,52,0,50,51,51
439,1,52,0,50,51,51
440,1,52,0,50,51,51
441,1,52,0,50,51,51
442,1,52,0,50,51,51
443,1,52,0,50,51,51
444,1,52,0,50,51,51
445,1,52,0,50,51,51
446,1,52,0,50,51,51
447,1,52,0,50,51,51
448,1,52,0,50,51,51
449,1,52,0,50,51,51
450,1,52,0,50,51,51
451,1,52,0,50,51,51
452,1,52,0,50,51,51
453,1,52,0,50,51,51
454,1,52,0,50,51,51
455,1,52,0,50,51,51
456,1,52,0,50,51,51
457,1,52,0,50,51,51
458,1,52,0,50,51,51
459,1,52,0,50,51,51
460,1,52,0,50,51,51
461,1,52,0,50,51,51
462,1,52,0,50,51,51
463,1,52,0,50,51,51
464,1,52,0,50,51,51
465,1,52,0,50,51,51
466,1,52,0,50,51,51
467,1,52,0,50,51,51
468,1,52,0,50,51,51
469,1,52,0,50,51,51
470,1,52,0,50,51,51
471,1,52,0,50,51,51
472,1,52,0,50,51,51
473,1,52,0,50,51,51
474,1,52,0,50,51,51
475,1,52,0,50,51,51
476,1,52,0,50,51,51
477,1,52,0,50,51,51
478,1,52,0,50,51,51
479,1,53,0,51,52,52
480,1,53,0,51,52,52
481,1,53,0,51,52,52
482,1,53,0,51,52,52
483,1,53,0,51,52,52
484,1,53,0,51,52,52
485,1,53,0,51,52,52
486,1,53,0,51,52,52
487,1,53,0,51,52,52
488,1,53,0,51,52,52
489,1,53,0,51,52,52
490,1,53,0,51,52,52
491,1,53,0,51,52,52
492,1,53,0,51,52,52
493,1,53,0,51,52,52
494,1,53,0,51,52,52
495,1,53,0,51,52,52
496,1,53,0,51,52,52
497,1,53,0,51,52,52
498,1,53,0,51,52,52
499,1,53,0,51,52,52
500,1,53,0,51,52,52
501,1,53,0,51,52,52
502,1,53,0,51,52,52
503,1,53,0,51,52,52
504,1,53,0,51,52,52
505,1,53,0,51,52,52
506,1,53,0,51,52,52
507,1,53,0,51,52,52
508,1,53,0,51,52,52
509,1,53,0,51,52,52
510,1,53,0,51,52,52
511,1,53,0,51,52,52
512,1,53,0,51,52,52
513,1,53,0,51,52,52
514,1,53,0,51,52,52
515,1,53,0,51,52,52
516,1,53,0,51,52,52
517,1,53,0,51,52,52
518,1,53,0,51,52,52
519,1,53,0,51,52,52
520,1,53,0,51,52,52
521,1,53,0,51,52,52
522,1,53,0,51,52,52
523,1,53,0,51,52,52
524,1,53,0,51,52,52
525,1,53,0,51,52,52
526,1,53,0,51,52,52
527,1,53,0,51,52,52
528,1,53,0,51,52,52
529,1,53,0,51,52,52
530,1,53,0,51,52,52
531,1,53,0,51,52,52
532,1,53,0,51,52,52
533,1,53,0,51,52,52
534,1,53,0,51,52,52
535,1,53,0,51,52,52
536,1,53,0,51,52,52
537,1,53,0,51,52,52
538,1,53,0,51,52,52
539,1,53,0,51,52,52
540,1,53,0,51,52,52
541,1,53,0,51,52,52
542,1,53,0,51,52,52
543,1,53,0,51,52,52
544,1,53,0,51,52,52
545,1,53,0,51,52,52
546,1,53,0,51,52,52
547,1,53,0,51,52,52
548,1,53,0,51,52,52
549,1,53,0,51,52,52
550,1,53,0,51,52,52
551,1,53,0,51,52,52
552,1,53,0,51,52,52
553,1,53,0,51,52,52
554,1,53,0,51,52,52
555,1,53,0,51,52,52
556,1,53,0,51,52,52
557,1,53,0,51,52,52
558,1,53,0,51,52,52
559,1,53,0,51,52,52
560,1,53,0,51,52,52
561,1,53,0,51,52,52
562,1,53,0,51,52,52
563,1,53,0,51,52,52
564,1,53,0,51,52,52
565,1,53,0,51,52,52
566,1,53,0,51,52,52
567,1,53,0,51,52,52
568,1,53,0,51,52,52
569,1,53,0,51,52,52
570,1,53,0,51,52,52
571,1,53,0,51,52,52
572,1,53,0,51,52,52
573,1,53,0,51,52,52
574,1,53,0,51,52,52
575,1,53,0,51,52,52
576,1,53,0,51,52,52
577,1,53,0,51,52,52
578,1,53,0,51,52,52
579,1,53,0,51,52,52
580,1,53,0,51,52,52
581,1,53,0,51,52,52
582,1,53,0,51,52,52
583,1,53,0,51,52,52
584,1,53,0,51,52,52
585,1,53,0,51,52,52
586,1,53,0,51,52,52
587,1,53,0,51,52,52
588,1,53,0,51,52,52
589,1,53,0,51,52,52
590,1,53,0,51,52,52
591,1,53,0,51,52,52
592,1,53,0,51,52,52
593,1,53,0,51,52,52
594,1,53,0,51,52,52
595,1,53,0,51,52,52
596,1,53,0,51,52,52
597,1,53,0,51,52,52
598,1,53,0,51,52,52
599,1,54,0,52,53,53
600,1,54,0,52,53,53
601,1,54,0,52,53,53
602,1,54,0,52,53,53
603,1,54,0,52,53,53
604,1,54,0,52,53,53
605,1,54,0,52,53,53
606,1,54,0,52,53,53
607,1,54,0,52,53,53
608,1,54,0,52,53,53
609,1,54,0,52,53,53
610,1,54,0,52,53,53
611,1,54,0,52,53,53
612,1,54,0,52,53,53
613,1,54,0,52,53,53
614,1,54,0,52,53,53
615,1,54,0,52,53,53
616,1,54,0,52,53,53
617,1,54,0,52,53,53
618,1,54,0,52,53,53
619,1,54,0,52,53,53
620,1,54,0,52,53,53
621,1,54,0,52,53,53
622,1,54,0,52,53,53
623,1,54,0,52,53,53
624,1,54,0,52,53,53
625,1,54,0,52,53,53
626,1,54,0,52,53,53
627,1,54,0,52,53,53
628,1,54,0,52,53,53
629,1,54,0,52,53,53
630,1,54,0,52,53,53
631,1,54,0,52,53,53
632,1,54,0,52,53,53
633,1,54,0,52,53,53
634,1,54,0,52,53,53
635,1,54,0,52,53,53
636,1,54,0,52,53,53
637,1,54,0,52,53,53
638,1,54,0,52,53,53
639,1,54,0,52,53,53
640,1,54,0,52,53,53
641,1,54,0,52,53,53
642,1,54,0,52,53,53
643,1,54,0,52,53,53
644,1,54,0,52,53,53
645,1,54,0,52,53,53
646,1,54,0,52,53,53
647,1,54,0,52,53,53
648,1,54,0,52,53,53
649,1,54,0,52,53,53
650,1,54,0,52,53,53
651,1,54,0,52,53,53
652,1,54,0,52,53,53
653,1,54,0,52,53,53
654,1,54,0,52,53,53
655,1,54,0,52,53,53
656,1,54,0,52,53,53
657,1,54,0,52,53,53
658,1,54,0,52,53,53
659,1,54,0,52,53,53
660,1,54,0,52,53,53
661,1,54,0,52,53,53
662,1,54,0,52,53,53
663,1,54,0,52,53,53
664,1,54,0,52,53,53
665,1,54,0,52,53,53
666,1,54,0,52,53,53
667,1,54,0,52,53,53
668,1,54,0,52,53,53
669,1,54,0,52,53,53
670,1,54,0,52,53,53
671,1,54,0,52,53,53
672,1,54,0,52,53,53
673,1,54,0,52,53,53
674,1,54,0,52,53,53
675,1,54,0,52,53,53
676,1,54,0,52,53,53
677,1,54,0,52,53,53
678,1,54,0,52,53,53
679,1,54,0,52,53,53
680,1,54,0,52,53,53
681,1,54,0,52,53,53
682,1,54,0,52,53,53
683,1,54,0,52,53,53
684,1,54,0,52,53,53
685,1,54,0,52,53,53
686,1,54,0,52,53,53
687,1,54,0,52,53,53
688,1,54,0,52,53,53
689,1,54,0,52,53,53
690,1,54,0,52,53,53
691,1,54,0,52,53,53
692,1,54,0,52,53,53
693,1,54,0,52,53,53
694,1,54,0,52,53,53
695,1,54,0,52,53,53
696,1,54,0,52,53,53
697,1,54,0,52,53,53
698,1,54,0,52,53,53
699,1,54,0,52,53,53
700,1,54,0,52,53,53
701,1,54,0,52,53,53
702,1,54,0,52,53,53
703,1,54,0,52,53,53
704,1,54,0,52,53,53
705,1,54,0,52,53,53
706,1,54,0,52,53,53
707,1,54,0,52,53,53
708,1,54,0,52,53,53
709,1,54,0,52,53,53
710,1,54,0,52,53,53
711,1,54,0,52,53,53
712,1,54,0,52,53,53
713,1,54,0,52,53,53
714,1,54,0,52,53,53
715,1,54,0,52,53,53
716,1,54,0,52,53,53
717,1,54,0,52,53,53
718,1,54,0,52,53,53
719,1,54,0,52,53,53
720,1,54,0,52,53,53
721,1,54,0,52,53,53
722,1,54,0,52,53,53
723,1,54,0,52,53,53
724,1,54,0,52,53,53
725,1,54,0,52,53,53
726,1,54,0,52,53,53
727,1,54,0,52,53,53
728,1,54,0,52,53,53
729,1,54,0,52,53,53
730,1,54,0,52,53,53
731,1,54,0,52,53,53
732,1,54,0,52,53,53
733,1,54,0,52,53,53
734,1,54,0,52,53,53
735,1,54,0,52,53,53
736,1,54,0,52,53,53
737,1,54,0,52,53,53
738,1,54,0,52,53,53
739,1,54,0,52,53,53
740,1,54,0,52,53,53
741,1,54,0,52,53,53
742,1,54,0,52,53,53
743,1,54,0,52,53,53
744,1,54,0,52,53,53
745,1,54,0,52,53,53
746,1,54,0,52,53,53
747,1,55,0,53,54,54
748,1,55,0,53,54,54
749,1,55,0,53,54,54
750,1,55,0,53,54,54
751,1,55,0,53,54,54
752,1,55,0,53,54,54
753,1,55,0,53,54,54
754,1,55,0,53,54,54
755,1,55,0,53,54,54
756,1,55,0,53,54,54
757,1,55,0,53,54,54
758,1,55,0,53,54,54
759,1,55,0,53,54,54
760,1,55,0,53,54,54
761,1,55,0,53,54,54
762,1,55,0,53,54,54
763,1,55,0,53,54,54
764,1,55,0,53,54,54
765,1,55,0,53,54,54
766,1,55,0,53,54,54
767,1,55,0,53,54,54
768,1,55,0,53,54,54
769,1,55,0,53,54,54
770,1,55,0,53,54,54
771,1,55,0,53,54,54
772,1,55,0,53,54,54
773,1,55,0,53,54,54
774,1,55,0,53,54,54
775,1,55,0,53,54,54
776,1,55,0,53,54,54
777,1,55,0,53,54,54
778,1,55,0,53,54,54
779,1,55,0,53,54,54
780,1,55,0,53,54,54
781,1,55,0,53,54,54
782,1,55,0,53,54,54
783,1,55,0,53,54,54
784,1,55,0,53,54,54
785,1,55,0,53,54,54
786,1,55,0,53,54,54
787,1,55,0,53,54,54
788,1,55,0,53,54,54
789,1,55,0,53,54,54
790,1,55,0,53,54,54
791,1,55,0,53,54,54
792,1,55,0,53,54,54
793,1,55,0,53,54,54
794,1,55,0,53,54,54
795,1,55,0,53,54,54
796,1,55,0,53,54,54
797,1,55,0,53,54,54
798,1,55,0,53,54,54
799,1,55,0,53,54,54
800,1,55,0,53,54,54
801,1,55,0,53,54,54
802,1,55,0,53,54,54
803,1,55,0,53,54,54
804,1,55,0,53,54,54
805,1,55,0,53,54,54
806,1,55,0,53,54,54
807,1,55,0,53,54,54
808,1,55,0,53,54,54
809,1,55,0,53,54,54
810,1,55,0,53,54,54
811,1,55,0,53,54,54
812,1,55,0,53,54,54
813,1,55,0,53,54,54
814,1,55,0,53,54,54
815,1,55,0,53,54,54
816,1,55,0,53,54,54
817,1,55,0,53,54,54
818,1,55,0,53,54,54
819,1,55,0,53,54,54
820,1,55,0,53,54,54
821,1,55,0,53,54,54
822,1,55,0,53,54,54
823,1,55,0,53,54,54
824,1,55,0,53,54,54
825,1,55,0,53,54,54
826,1,55,0,53,54,54
827,1,55,0,53,54,54
828,1,55,0,53,54,54
829,1,55,0,53,54,54
830,1,55,0,53,54,54
831,1,55,0,53,54,54
832,1,55,0,53,54,54
833,1,55,0,53,54,54
834,1,55,0,53,54,54
835,1,55,0,53,54,54
836,1,55,0,53,54,54
837,1,55,0,53,54,54
838,1,55,0,53,54,54
839,1,55,0,53,54,54
840,1,55,0,53,54,54
841,1,55,0,53,54,54
842,1,55,0,53,54,54
843,1,55,0,53,54,54
844,1,55,0,53,54,54
845,1,55,0,53,54,54
846,1,55,0,53,54,54
847,1,55,0,53,54,54
848,1,55,0,53,54,54
849,1,55,0,53,54,54
850,1,55,0,53,54,54
851,1,55,0,53,54,54
852,1,55,0,53,54,54
853,1,55,0,53,54,54
854,1,55,0,53,54,54
855,1,55,0,53,54,54
856,1,55,0,53,54,54
857,1,55,0,53,54,54
858,1,55,0,53,54,54
859,1,55,0,53,54,54
860,1,55,0,53,54,54
861,1,55,0,53,54,54
862,1,55,0,53,54,54
863,1,55,0,53,54,54
864,1,55,0,53,54,54
865,1,55,0,53,54,54
866,1,55,0,53,54,54
867,1,55,0,53,54,54
868,1,55,0,53,54,54
869,1,55,0,53,54,54
870,1,55,0,53,54,54
871,1,55,0,53,54,54
872,1,55,0,53,54,54
873,1,55,0,53,54,54
874,1,55,0,53,54,54
875,1,55,0,53,54,54
876,1,55,0,53,54,54
877,1,55,0,53,54,54
878,1,55,0,53,54,54
879,1,55,0,53,54,54
880,1,55,0,53,54,54
881,1,55,0,53,54,54
882,1,55,0,53,54,54
883,1,55,0,53,54,54
884,1,55,0,53,54,54
885,1,55,0,53,54,54
886,1,55,0,53,54,54
887,1,55,0,53,54,54
888,1,55,0,53,54,54
889,1,55,0,53,54,54
890,1,55,0,53,54,54
891,1,55,0,53,54,54
892,1,55,0,53,54,54
893,1,55,0,53,54,54
894,1,55,0,53,54,54
895,1,55,0,53,54,54
896,1,55,0,53,54,54
897,1,55,0,53,54,54
898,1,55,0,53,54,54
899,1,55,0,53,54,54
900,1,55,0,53,54,54
901,1,55,0,53,54,54
902,1,55,0,53,54,54
903,1,55,0,53,54,54
904,1,55,0,53,54,54
905,1,55,0,53,54,54
906,1,55,0,53,54,54
907,1,55,0,53,54,54
908,1,55,0,53,54,54
909,1,55,0,53,54,54
910,1,55,0,53,54,54
911,1,55,0,53,54,54
912,1,55,0,53,54,54
913,1,55,0,53,54,54
914,1,55,0,53,54,54
915,1,55,0,53,54,54
916,1,55,0,53,54,54
917,1,55,0,53,54,54
918,1,55,0,53,54,54
919,1,55,0,53,54,54
920,1,55,0,53,54,54
921,1,55,0,53,54,54
922,1,55,0,53,54,54
923,1,55,0,53,54,54
924,1,55,0,53,54,54
925,1,55,0,53,54,54
926,1,55,0,53,54,54
927,1,56,0,54,55,55
928,1,56,0,54,55,55
929,1,56,0,54,55,55
930,1,56,0,54,55,55
931,1,56,0,54,55,55
932,1,56,0,54,55,55
933,1,56,0,54,55,55
934,1,56,0,54,55,55
935,1,56,0,54,55,55
936,1,56,0,54,55,55
937,1,56,0,54,55,55
938,1,56,0,54,55,55
939,1,56,0,54,55,55
940,1,56,0,54,55,55
941,1,56,0,54,55,55
942,1,56,0,54,55,55
943,1,56,0,54,55,55
944,1,56,0,54,55,55
945,1,56,0,54,55,55
946,1,56,0,54,55,55
947,1,56,0,54,55,55
948,1,56,0,54,55,55
949,1,56,0,54,55,55
950,1,56,0,54,55,55
951,1,56,0,54,55,55
952,1,56,0,54,55,55
953,1,56,0,54,55,55
954,1,56,0,54,55,55
955,1,56,0,54,55,55
956,1,56,0,54,55,55
957,1,56,0,54,55,55
958,1,56,0,54,55,55
959,1,56,0,54,55,55
960,1,56,0,54,55,55
961,1,56,0,54,55,55
962,1,56,0,54,55,55
963,1,56,0,54,55,55
964,1,56,0,54,55,55
965,1,56,0,54,55,55
966,1,56,0,54,55,55
967,1,56,0,54,55,55
968,1,56,0,54,55,55
969,1,56,0,54,55,55
970,1,56,0,54,55,55
971,1,56,0,54,55,55
972,1,56,0,54,55,55
973,1,56,0,54,55,55
974,1,56,0,54,55,55
975,1,56,0,54,55,55
976,1,56,0,54,55,55
977,1,56,0,54,55,55
978,1,56,0,54,55,55
979,1,56,0,54,55,55
980,1,56,0,54,55,55
981,1,56,0,54,55,55
982,1,56,0,54,55,55
983,1,56,0,54,55,55
984,1,56,0,54,55,55
985,1,56,0,54,55,55
986,1,56,0,54,55,55
987,1,56,0,54,55,55
988,1,56,0,54,55,55
989,1,56,0,54,55,55
990,1,56,0,54,55,55
991,1,56,0,54,55,55
992,1,56,0,54,55,55
993,1,56,0,54,55,55
994,1,56,0,54,55,55
995,1,56,0,54,55,55
996,1,56,0,54,55,55
997,1,56,0,54,55,55
998,1,56,0,54,55,55
999,1,56,0,54,55,55
1000,1,56,0,54,55,55
1001,1,56,0,54,55,55
1002,1,56,0,54,55,55
1003,1,56,0,54,55,55
1004,1,56,0,54,55,55
1005,1,56,0,54,55,55
1006,1,56,0,54,55,55
1007,1,56,0,54,55,55
1008,1,56,0,54,55,55
1009,1,56,0,54,55,55
1010,1,56,0,54,55,55
1011,1,56,0,54,55,55
1012,1,56,0,54,55,55
1013,1,56,0,54,55,55
1014,1,56,0,54,55,55
1015,1,56,0,54,55,55
1016,1,56,0,54,55,55
1017,1,56,0,54,55,55
1018,1,56,0,54,55,55
1019,1,56,0,54,55,55
1020,1,56,0,54,55,55
1021,1,56,0,54,55,55
1022,1,56,0,54,55,55
1023,1,56,0,54,55,55
1024,1,56,0,54,55,55
1025,1,56,0,54,55,55
1026,1,56,0,54,55,55
1027,1,56,0,54,55,55
1028,1,56,0,54,55,55
1029,1,56,0,54,55,55
1030,1,56,0,54,55,55
1031,1,56,0,54,55,55
1032,1,56,0,54,55,55
1033,1,56,0,54,55,55
1034,1,56,0,54,55,55
1035,1,56,0,54,55,55
1036,1,56,0,54,55,55
1037,1,56,0,54,55,55
1038,1,56,0,54,55,55
1039,1,56,0,54,55,55
1040,1,56,0,54,55,55
1041,1,56,0,54,55,55
1042,1,56,0,54,55,55
1043,1,56,0,54,55,55
1044,1,56,0,54,55,55
1045,1,56,0,54,55,55
1046,1,56,0,54,55,55
1047,1,56,0,54,55,55
1048,1,56,0,54,55,55
1049,1,56,0,54,55,55
1050,1,56,0,54,55,55
1051,1,56,0,54,55,55
1052,1,56,0,54,55,55
1053,1,56,0,54,55,55
1054,1,56,0,54,55,55
1055,1,56,0,54,55,55
1056,1,56,0,54,55,55
1057,1,56,0,54,55,55
1058,1,56,0,54,55,55
1059,1,56,0,54,55,55
1060,1,56,0,54,55,55
1061,1,56,0,54,55,55
1062,1,56,0,54,55,55
1063,1,56,0,54,55,55
1064,1,56,0,54,55,55
1065,1,56,0,54,55,55
1066,1,56,0,54,55,55
1067,1,56,0,54,55,55
1068,1,56,0,54,55,55
1069,1,56,0,54,55,55
1070,1,56,0,54,55,55
1071,1,56,0,54,55,55
1072,1,56,0,54,55,55
1073,1,56,0,54,55,55
1074,1,56,0,54,55,55
1075,1,56,0,54,55,55
1076,1,56,0,54,55,55
1077,1,56,0,54,55,55
1078,1,56,0,54,55,55
1079,1,56,0,54,55,55
1080,1,56,0,54,55,55
1081,1,56,0,54,55,55
1082,1,56,0,54,55,55
1083,1,56,0,54,55,55
1084,1,56,0,54,55,55
1085,1,56,0,54,55,55
1086,1,56,0,54,55,55
1087,1,56,0,54,55,55
1088,1,56,0,54,55,55
1089,1,56,0,54,55,55
1090,1,56,0,54,55,55
1091,1,56,0,54,55,55
1092,1,56,0,54,55,55
1093,1,56,0,54,55,55
1094,1,56,0,54,55,55
1095,1,56,0,54,55,55
1096,1,56,0,54,55,55
1097,1,56,0,54,55,55
1098,1,56,0,54,55,55
1099,1,56,0,54,55,55
1100,1,56,0,54,55,55
1101,1,56,0,54,55,55
1102,1,56,0,54,55,55
1103,1,56,0,54,55,55
1104,1,56,0,54,55,55
1105,1,56,0,54,55,55
1106,1,56,0,54,55,55
1107,1,56,0,54,55,55
1108,1,56,0,54,55,55
1109,1,56,0,54,55,55
1110,1,56,0,54,55,55
1111,1,56,0,54,55,55
1112,1,56,0,54,55,55
1113,1,56,0,54,55,55
1114,1,56,0,54,55,55
1115,1,56,0,54,55,55
1116,1,56,0,54,55,55
1117,1,56,0,54,55,55
1118,1,56,0,54,55,55
1119,1,56,0,54,55,55
1120,1,56,0,54,55,55
1121,1,56,0,54,55,55
1122,1,56,0,54,55,55
1123,1,56,0,54,55,55
1124,1,56,0,54,55,55
1125,1,56,0,54,55,55
1126,1,56,0,54,55,55
1127,1,56,0,54,55,55
1128,1,56,0,54,55,55
1129,1,56,0,54,55,55
1130,1,56,0,54,55,55
1131,1,56,0,54,55,55
1132,1,56,0,54,55,55
1133,1,56,0,54,55,55
1134,1,56,0,54,55,55
1135,1,56,0,54,55,55
1136,1,56,0,54,55,55
1137,1,56,0,54,55,55
1138,1,56,0,54,55,55
1139,1,56,0,54,55,55
1140,1,56,0,54,55,55
1141,1,56,0,54,55,55
1142,1,56,0,54,55,55
1143,1,57,0,55,56,56
1144,1,57,0,55,56,56
1145,1,57,0,55,56,56
1146,1,57,0,55,56,56
1147,1,57,0,55,56,56
1148,1,57,0,55,56,56
1149,1,57,0,55,56,56
1150,1,57,0,55,56,56
1151,1,57,0,55,56,56
1152,1,57,0,55,56,56
1153,1,57,0,55,56,56
1154,1,57,0,55,56,56
1155,1,57,0,55,56,56
1156,1,57,0,55,56,56
1157,1,57,0,55,56,56
1158,1,57,0,55,56,56
1159,1,57,0,55,56,56
1160,1,57,0,55,56,56
1161,1,57,0,55,56,56
1162,1,57,0,55,56,56
1163,1,57,0,55,56,56
1164,1,57,0,55,56,56
1165,1,57,0,55,56,56
1166,1,57,0,55,56,56
1167,1,57,0,55,56,56
1168,1,57,0,55,56,56
1169,1,57,0,55,56,56
1170,1,57,0,55,56,56
1171,1,57,0,55,56,56
1172,1,57,0,55,56,56
1173,1,57,0,55,56,56
1174,1,57,0,55,56,56
1175,1,57,0,55,56,56
1176,1,57,0,55,56,56
1177,1,57,0,55,56,56
1178,1,57,0,55,56,56
1179,1,57,0,55,56,56
1180,1,57,0,55,56,56
1181,1,57,0,55,56,56
1182,1,57,0,55,56,56
1183,1,57,0,55,56,56
1184,1,57,0,55,56,56
1185,1,57,0,55,56,56
1186,1,57,0,55,56,56
1187,1,57,0,55,56,56
1188,1,57,0,55,56,56
1189,1,57,0,55,56,56
1190,1,57,0,55,56,56
1191,1,57,0,55,56,56
1192,1,57,0,55,56,56
1193,1,57,0,55,56,56
1194,1,57,0,55,56,56
1195,1,57,0,55,56,56
1196,1,57,0,55,56,56
1197,1,57,0,55,56,56
1198,1,57,0,55,56,56
1199,1,57,0,55,56,56
1200,1,57,0,55,56,56
1201,1,57,0,55,56,56
1202,1,57,0,55,56,56
1203,1,57,0,55,56,56
1204,1,57,0,55,56,56
1205,1,57,0,55,56,56
1206,1,57,0,55,56,56
1207,1,57,0,55,56,56
1208,1,57,0,55,56,56
1209,1,57,0,55,56,56
1210,1,57,0,55,56,56
1211,1,57,0,55,56,56
1212,1,57,0,55,56,56
1213,1,57,0,55,56,56
1214,1,57,0,55,56,56
1215,1,57,0,55,56,56
1216,1,57,0,55,56,56
1217,1,57,0,55,56,56
1218,1,57,0,55,56,56
1219,1,57,0,55,56,56
1220,1,57,0,55,56,56
1221,1,57,0,55,56,56
1222,1,57,0,55,56,56
1223,1,57,0,55,56,56
1224,1,57,0,55,56,56
1225,1,57,0,55,56,56
1226,1,57,0,55,56,56
1227,1,57,0,55,56,56
1228,1,57,0,55,56,56
1229,1,57,0,55,56,56
1230,1,57,0,55,56,56
1231,1,57,0,55,56,56
1232,1,57,0,55,56,56
1233,1,57,0,55,56,56
1234,1,57,0,55,56,56
1235,1,57,0,55,56,56
1236,1,57,0,55,56,56
1237,1,57,0,55,56,56
1238,1,57,0,55,56,56
1239,1,57,0,55,56,56
1240,1,57,0,55,56,56
1241,1,57,0,55,56,56
1242,1,57,0,55,56,56
1243,1,57,0,55,56,56
1244,1,57,0,55,56,56
1245,1,57,0,55,56,56
1246,1,57,0,55,56,56
1247,1,57,0,55,56,56
1248,1,57,0,55,56,56
1249,1,57,0,55,56,56
1250,1,57,0,55,56,56
1251,1,57,0,55,56,56
1252,1,57,0,55,56,56
1253,1,57,0,55,56,56
1254,1,57,0,55,56,56
1255,1,57,0,55,56,56
1256,1,57,0,55,56,56
1257,1,57,0,55,56,56
1258,1,57,0,55,56,56
1259,1,57,0,55,56,56
1260,1,57,0,55,56,56
1261,1,57,0,55,56,56
1262,1,57,0,55,56,56
1263,1,57,0,55,56,56
1264,1,57,0,55,56,56
1265,1,57,0,55,56,56
1266,1,57,0,55,56,56
1267,1,57,0,55,56,56
1268,1,57,0,55,56,56
1269,1,57,0,55,56,56
1270,1,57,0,55,56,56
1271,1,57,0,55,56,56
1272,1,57,0,55,56,56
1273,1,57,0,55,56,56
1274,1,57,0,55,56,56
1275,1,57,0,55,56,56
1276,1,57,0,55,56,56
1277,1,57,0,55,56,56
1278,1,57,0,55,56,56
1279,1,57,0,55,56,56
1280,1,57,0,55,56,56
1281,1,57,0,55,56,56
1282,1,57,0,55,56,56
1283,1,57,0,55,56,56
1284,1,57,0,55,56,56
1285,1,57,0,55,56,56
1286,1,57,0,55,56,56
1287,1,57,0,55,56,56
1288,1,57,0,55,56,56
1289,1,57,0,55,56,56
1290,1,57,0,55,56,56
1291,1,57,0,55,56,56
1292,1,57,0,55,56,56
1293,1,57,0,55,56,56
1294,1,57,0,55,56,56
1295,1,57,0,55,56,56
1296,1,57,0,55,56,56
1297,1,57,0,55,56,56
1298,1,57,0,55,56,56
1299,1,57,0,55,56,56
1300,1,57,0,55,56,56
1301,1,57,0,55,56,56
1302,1,57,0,55,56,56
1303,1,57,0,55,56,56
1304,1,57,0,55,56,56
1305,1,57,0,55,56,56
1306,1,57,0,55,56,56
1307,1,57,0,55,56,56
1308,1,57,0,55,56,56
1309,1,57,0,55,56,56
1310,1,57,0,55,56,56
1311,1,57,0,55,56,56
1312,1,57,0,55,56,56
1313,1,57,0,55,56,56
1314,1,57,0,55,56,56
1315,1,57,0,55,56,56
1316,1,57,0,55,56,56
1317,1,57,0,55,56,56
1318,1,57,0,55,56,56
1319,1,57,0,55,56,56
1320,1,57,0,55,56,56
1321,1,57,0,55,56,56
1322,1,57,0,55,56,56
1323,1,57,0,55,56,56
1324,1,57,0,55,56,56
1325,1,57,0,55,56,56
1326,1,57,0,55,56,56
1327,1,57,0,55,56,56
1328,1,57,0,55,56,56
1329,1,57,0,55,56,56
1330,1,57,0,55,56,56
1331,1,57,0,55,56,56
1332,1,57,0,55,56,56
1333,1,57,0,55,56,56
1334,1,57,0,55,56,56
1335,1,57,0,55,56,56
1336,1,57,0,55,56,56
1337,1,57,0,55,56,56
1338,1,57,0,55,56,56
1339,1,57,0,55,56,56
1340,1,57,0,55,56,56
1341,1,57,0,55,56,56
1342,1,57,0,55,56,56
1343,1,57,0,55,56,56
1344,1,57,0,55,56,56
1345,1,57,0,55,56,56
1346,1,57,0,55,56,56
1347,1,57,0,55,56,56
1348,1,57,0,55,56,56
1349,1,57,0,55,56,56
1350,1,57,0,55,56,56
1351,1,57,0,55,56,56
1352,1,57,0,55,56,56
1353,1,57,0,55,56,56
1354,1,57,0,55,56,56
1355,1,57,0,55,56,56
1356,1,57,0,55,56,56
1357,1,57,0,55,56,56
1358,1,57,0,55,56,56
1359,1,57,0,55,56,56
1360,1,57,0,55,56,56
1361,1,57,0,55,56,56
1362,1,57,0,55,56,56
1363,1,57,0,55,56,56
1364,1,57,0,55,56,56
1365,1,57,0,55,56,56
1366,1,57,0,55,56,56
1367,1,57,0,55,56,56
1368,1,57,0,55,56,56
1369,1,57,0,55,56,56
1370,1,57,0,55,56,56
1371,1,57,0,55,56,56
1372,1,57,0,55,56,56
1373,1,57,0,55,56,56
1374,1,57,0,55,56,56
1375,1,57,0,55,56,56
1376,1,57,0,55,56,56
1377,1,57,0,55,56,56
1378,1,57,0,55,56,56
1379,1,57,0,55,56,56
1380,1,57,0,55,56,56
1381,1,57,0,55,56,56
1382,1,57,0,55,56,56
1383,1,57,0,55,56,56
1384,1,57,0,55,56,56
1385,1,57,0,55,56,56
1386,1,57,0,55,56,56
1387,1,57,0,55,56,56
1388,1,57,0,55,56,56
1389,1,57,0,55,56,56
1390,1,57,0,55,56,56
1391,1,57,0,55,56,56
1392,1,57,0,55,56,56
1393,1,57,0,55,56,56
1394,1,57,0,55,56,56
1395,1,57,0,55,56,56
1396,1,57,0,55,56,56
1397,1,57,0,55,56,56
1398,1,57,0,55,56,56
1399,1,57,0,55,56,56
1400,1,57,0,55,56,56
1401,1,57,0,55,56,56
1402,1,57,0,55,56,56
1403,1,57,0,55,56,56
1404,1,57,0,55,56,56
1405,1,57,0,55,56,56
1406,1,57,0,55,56,56
1407,1,57,0,55,56,56
1408,1,57,0,55,56,56
1409,1,57,0,55,56,56
1410,1,57,0,55,56,56
1411,1,57,0,55,56,56
1412,1,57,0,55,56,56
1413,1,57,0,55,56,56
1414,1,57,0,55,56,56
1415,1,57,0,55,56,56
1416,1,57,0,55,56,56
1417,1,57,0,55,56,56
1418,1,57,0,55,56,56
1419,1,57,0,55,56,56
1420,1,57,0,55,56,56
1421,1,57,0,55,56,56
1422,1,57,0,55,56,56
1423,1,57,0,55,56,56
1424,1,57,0,55,56,56
1425,1,57,0,55,56,56
1426,1,57,0,55,56,56
1427,1,57,0,55,56,56
1428,1,57,0,55,56,56
1429,1,57,0,55,56,56
1430,1,57,0,55,56,56
1431,1,57,0,55,56,56
1432,1,57,0,55,56,56
1433,1,57,0,55,56,56
1434,1,57,0,55,56,56
1435,1,57,0,55,56,56
1436,1,57,0,55,56,56
1437,1,57,0,55,56,56
1438,1,57,0,55,56,56
1439,1,57,0,55,56,56
1440,1,57,0,55,56,56
1441,1,57,0,55,56,56
1442,1,57,0,55,56,56
1443,1,57,0,55,56,56
1444,1,57,0,55,56,56
1445,1,57,0,55,56,56
1446,1,57,0,55,56,56
1447,1,57,0,55,56,56
1448,1,57,0,55,56,56
1449,1,57,0,55,56,56
1450,1,57,0,55,56,56
1451,1,57,0,55,56,56
1452,1,57,0,55,56,56
1453,1,57,0,55,56,56
1454,1,57,0,55,56,56
1455,1,57,0,55,56,56
1456,1,57,0,55,56,56
1457,1,57,0,55,56,56
1458,1,57,0,55,56,56
1459,1,57,0,55,56,56
1460,1,57,0,55,56,56
1461,1,57,0,55,56,56
1462,1,57,0,55,56,56
1463,1,57,0,55,56,56
1464,1,57,0,55,56,56
1465,1,57,0,55,56,56
1466,1,57,0,55,56,56
1467,1,57,0,55,56,56
1468,1,57,0,55,56,56
1469,1,57,0,55,56,56
1470,1,57,0,55,56,56
1471,1,57,0,55,56,56
1472,1,57,0,55,56,56
1473,1,57,0,55,56,56
1474,1,57,0,55,56,56
1475,1,57,0,55,56,56
1476,1,57,0,55,56,56
1477,1,57,0,55,56,56
1478,1,57,0,55,56,56
1479,1,57,0,55,56,56
1480,1,57,0,55,56,56
1481,1,57,0,55,56,56
1482,1,57,0,55,56,56
1483,1,57,0,55,56,56
1484,1,57,0,55,56,56
1485,1,57,0,55,56,56
1486,1,57,0,55,56,56
1487,1,57,0,55,56,56
1488,1,57,0,55,56,56
1489,1,57,0,55,56,56
1490,1,57,0,55,56,56
1491,1,57,0,55,56,56
1492,1,57,0,55,56,56
1493,1,57,0,55,56,56
1494,1,57,0,55,56,56
1495,1,57,0,55,56,56
1496,1,57,0,55,56,56
1497,1,57,0,55,56,56
1498,1,57,0,55,56,56
1499,1,57,0,55,56,56
1500,1,57,0,55,56,56
1501,1,57,0,55,56,56
1502,1,57,0,55,56,56
1503,1,57,0,55,56,56
1504,1,57,0,55,56,56
1505,1,57,0,55,56,56
1506,1,57,0,55,56,56
1507,1,57,0,55,56,56
1508,1,57,0,55,56,56
1509,1,57,0,55,56,56
1510,1,57,0,55,56,56
1511,1,57,0,55,56,56
1512,1,57,0,55,56,56
1513,1,57,0,55,56,56
1514,1,57,0,55,56,56
1515,1,57,0,55,56,56
1516,1,57,0,55,56,56
1517,1,57,0,55,56,56
1518,1,57,0,55,56,56
1519,1,57,0,55,56,56
1520,1,57,0,55,56,56
1521,1,57,0,55,56,56
1522,1,57,0,55,56,56
1523,1,57,0,55,56,56
1524,1,57,0,55,56,56
1525,1,57,0,55,56,56
1526,1,57,0,55,56,56
1527,1,57,0,55,56,56
1528,1,57,0,55,56,56
1529,1,57,0,55,56,56
1530,1,57,0,55,56,56
1531,1,57,0,55,56,56
1532,1,57,0,55,56,56
1533,1,57,0,55,56,56
1534,1,57,0,55,56,56
1535,1,57,0,55,56,56
1536,1,57,0,55,56,56
1537,1,57,0,55,56,56
1538,1,57,0,55,56,56
1539,1,57,0,55,56,56
1540,1,57,0,55,56,56
1541,1,57,0,55,56,56
1542,1,57,0,55,56,56
1543,1,57,0,55,56,56
1544,1,57,0,55,56,56
1545,1,57,0,55,56,56
1546,1,57,0,55,56,56
1547,1,57,0,55,56,56
1548,1,57,0,55,56,56
1549,1,57,0,55,56,56
1550,1,57,0,55,56,56
1551,1,57,0,55,56,56
1552,1,57,0,55,56,56
1553,1,57,0,55,56,56
1554,1,57,0,55,56,56
1555,1,57,0,55,56,56
1556,1,57,0,55,56,56
1557,1,57,0,55,56,56
1558,1,57,0,55,56,56
1559,1,57,0,55,56,56
1560,1,57,0,55,56,56
1561,1,57,0,55,56,56
1562,1,57,0,55,56,56
1563,1,57,0,55,56,56
1564,1,57,0,55,56,56
1565,1,57,0,55,56,56
1566,1,57,0,55,56,56
1567,1,57,0,55,56,56
1568,1,57,0,55,56,56
1569,1,57,0,55,56,56
1570,1,57,0,55,56,56
1571,1,57,0,55,56,56
1572,1,57,0,55,56,56
1573,1,57,0,55,56,56
1574,1,57,0,55,56,56
1575,1,57,0,55,56,56
1576,1,57,0,55,56,56
1577,1,57,0,55,56,56
1578,1,57,0,55,56,56
1579,1,57,0,55,56,56
1580,1,57,0,55,56,56
1581,1,57,0,55,56,56
1582,1,57,0,55,56,56
1583,1,57,0,55,56,56
1584,1,57,0,55,56,56
1585,1,57,0,55,56,56
1586,1,57,0,55,56,56
1587,1,57,0,55,56,56
1588,1,57,0,55,56,56
1589,1,57,0,55,56,56
1590,1,57,0,55,56,56
1591,1,57,0,55,56,56
1592,1,57,0,55,56,56
1593,1,57,0,55,56,56
1594,1,57,0,55,56,56
1595,1,57,0,55,56,56
1596,1,57,0,55,56,56
1597,1,57,0,55,56,56
1598,1,57,0,55,56,56
1599,1,57,0,55,56,56
1600,1,57,0,55,56,56
1601,1,57,0,55,56,56
1602,1,57,0,55,56,56
1603,1,57,0,55,56,56
1604,1,57,0,55,56,56
1605,1,57,0,55,56,56
1606,1,57,0,55,56,56
1607,1,57,0,55,56,56
1608,1,57,0,55,56,56
1609,1,57,0,55,56,56
1610,1,57,0,55,56,56
1611,1,57,0,55,56,56
1612,1,57,0,55,56,56
1613,1,57,0,55,56,56
1614,1,57,0,55,56,56
1615,1,57,0,55,56,56
1616,1,57,0,55,56,56
1617,1,57,0,55,56,56
1618,1,57,0,55,56,56
1619,1,57,0,55,56,56
1620,1,57,0,55,56,56
1621,1,57,0,55,56,56
1622,1,57,0,55,56,56
1623,1,57,0,55,56,56
1624,1,57,0,55,56,56
1625,1,57,0,55,56,56
1626,1,57,0,55,56,56
1627,1,57,0,55,56,56
1628,1,57,0,55,56,56
1629,1,57,0,55,56,56
1630,1,57,0,55,56,56
1631,1,57,0,55,56,56
1632,1,57,0,55,56,56
1633,1,57,0,55,56,56
1634,1,57,0,55,56,56
1635,1,57,0,55,56,56
1636,1,57,0,55,56,56
1637,1,57,0,55,56,56
1638,1,57,0,55,56,56
1639,1,57,0,55,56,56
1640,1,57,0,55,56,56
1641,1,57,0,55,56,56
1642,1,57,0,55,56,56
1643,1,57,0,55,56,56
1644,1,57,0,55,56,56
1645,1,57,0,55,56,56
1646,1,57,0,55,56,56
1647,1,57,0,55,56,56
1648,1,57,0,55,56,56
1649,1,57,0,55,56,56
1650,1,57,0,55,56,56
1651,1,57,0,55,56,56
1652,1,57,0,55,56,56
1653,1,57,0,55,56,56
1654,1,57,0,55,56,56
1655,1,57,0,55,56,56
1656,1,57,0,55,56,56
1657,1,57,0,55,56,56
1658,1,57,0,55,56,56
1659,1,57,0,55,56,56
1660,1,57,0,55,56,56
1661,1,57,0,55,56,56
1662,1,57,0,55,56,56
1663,1,57,0,55,56,56
1664,1,57,0,55,56,56
1665,1,57,0,55,56,56
1666,1,57,0,55,56,56
1667,1,57,0,55,56,56
1668,1,57,0,55,56,56
1669,1,57,0,55,56,56
1670,1,57,0,55,56,56
1671,1,57,0,55,56,56
1672,1,57,0,55,56,56
1673,1,57,0,55,56,56
1674,1,57,0,55,56,56
1675,1,57,0,55,56,56
1676,1,57,0,55,56,56
1677,1,57,0,55,56,56
1678,1,57,0,55,56,56
1679,1,57,0,55,56,56
1680,1,57,0,55,56,56
1681,1,57,0,55,56,56
1682,1,57,0,55,56,56
1683,1,57,0,55,56,56
1684,1,57,0,55,56,56
1685,1,57,0,55,56,56
1686,1,57,0,55,56,56
1687,1,57,0,55,56,56
1688,1,57,0,55,56,56
1689,1,57,0,55,56,56
1690,1,57,0,55,56,56
1691,1,57,0,55,56,56
1692,1,57,0,55,56,56
1693,1,57,0,55,56,56
1694,1,57,0,55,56,56
1695,1,57,0,55,56,56
1696,1,57,0,55,56,56
1697,1,57,0,55,56,56
1698,1,57,0,55,56,56
1699,1,57,0,55,56,56
1700,1,57,0,55,56,56
1701,1,57,0,55,56,56
1702,1,57,0,55,56,56
1703,1,57,0,55,56,56
1704,1,57,0,55,56,56
1705,1,57,0,55,56,56
1706,1,57,0,55,56,56
1707,1,57,0,55,56,56
1708,1,57,0,55,56,56
1709,1,57,0,55,56,56
1710,1,57,0,55,56,56
1711,1,57,0,55,56,56
1712,1,57,0,55,56,56
1713,1,57,0,55,56,56
1714,1,57,0,55,56,56
1715,1,57,0,55,56,56
1716,1,57,0,55,56,56
1717,1,57,0,55,56,56
1718,1,57,0,55,56,56
1719,1,57,0,55,56,56
1720,1,57,0,55,56,56
1721,1,57,0,55,56,56
1722,1,57,0,55,56,56
1723,1,57,0,55,56,56
1724,1,57,0,55,56,56
1725,1,57,0,55,56,56
1726,1,57,0,55,56,56
1727,1,57,0,55,56,56
1728,1,57,0,55,56,56
1729,1,57,0,55,56,56
1730,1,57,0,55,56,56
1731,1,57,0,55,56,56
1732,1,57,0,55,56,56
1733,1,57,0,55,56,56
1734,1,57,0,55,56,56
1735,1,57,0,55,56,56
1736,1,57,0,55,56,56
1737,1,57,0,55,56,56
1738,1,57,0,55,56,56
1739,1,57,0,55,56,56
1740,1,57,0,55,56,56
1741,1,57,0,55,56,56
1742,1,57,0,55,56,56
1743,1,57,0,55,56,56
1744,1,57,0,55,56,56
1745,1,57,0,55,56,56
1746,1,57,0,55,56,56
1747,1,57,0,55,56,56
1748,1,57,0,55,56,56
1749,1,57,0,55,56,56
1750,1,57,0,55,56,56
1751,1,57,0,55,56,56
1752,1,57,0,55,56,56
1753,1,57,0,55,56,56
1754,1,57,0,55,56,56
1755,1,57,0,55,56,56
1756,1,57,0,55,56,56
1757,1,57,0,55,56,56
1758,1,57,0,55,56,56
1759,1,57,0,55,56,56
1760,1,57,0,55,56,56
1761,1,57,0,55,56,56
1762,1,57,0,55,56,56
1763,1,57,0,55,56,56
1764,1,57,0,55,56,56
1765,1,57,0,55,56,56
1766,1,57,0,55,56,56
1767,1,57,0,55,56,56
1768,1,57,0,55,56,56
1769,1,57,0,55,56,56
1770,1,57,0,55,56,56
1771,1,57,0,55,56,56
1772,1,57,0,55,56,56
1773,1,57,0,55,56,56
1774,1,57,0,55,56,56
1775,1,57,0,55,56,56
1776,1,57,0,55,56,56
1777,1,57,0,55,56,56
1778,1,57,0,55,56,56
1779,1,57,0,55,56,56
1780,1,57,0,55,56,56
1781,1,57,0,55,56,56
1782,1,57,0,55,56,56
1783,1,57,0,55,56,56
1784,1,57,0,55,56,56
1785,1,57,0,55,56,56
1786,1,57,0,55,56,56
1787,1,57,0,55,56,56
1788,1,57,0,55,56,56
1789,1,57,0,55,56,56
1790,1,57,0,55,56,56
1791,1,57,0,55,56,56
1792,1,57,0,55,56,56
1793,1,57,0,55,56,56
1794,1,57,0,55,56,56
1795,1,57,0,55,56,56
1796,1,57,0,55,56,56
1797,1,57,0,55,56,56
1798,1,57,0,55,56,56
1799,1,57,0,55,56,56
1800,1,57,0,55,56,56
1801,1,57,0,55,56,56
1802,1,57,0,55,56,56
1803,1,57,0,55,56,56
1804,1,57,0,55,56,56
1805,1,57,0,55,56,56
1806,1,57,0,55,56,56
1807,1,57,0,55,56,56
1808,1,57,0,55,56,56
1809,1,57,0,55,56,56
1810,1,57,0,55,56,56
1811,1,57,0,55,56,56
1812,1,57,0,55,56,56
1813,1,57,0,55,56,56
1814,1,57,0,55,56,56
1815,1,57,0,55,56,56
1816,1,57,0,55,56,56
1817,1,57,0,55,56,56
1818,1,57,0,55,56,56
1819,1,57,0,55,56,56
1820,1,57,0,55,56,56
1821,1,57,0,55,56,56
1822,1,57,0,55,56,56
1823,1,57,0,55,56,56
1824,1,57,0,55,56,56
1825,1,57,0,55,56,56
1826,1,57,0,55,56,56
1827,1,57,0,55,56,56
1828,1,57,0,55,56,56
1829,1,57,0,55,56,56
1830,1,57,0,55,56,56
1831,1,57,0,55,56,56
1832,1,57,0,55,56,56
1833,1,57,0,55,56,56
1834,1,57,0,55,56,56
1835,1,57,0,55,56,56
1836,1,57,0,55,56,56
1837,1,57,0,55,56,56
1838,1,57,0,55,56,56
1839,1,57,0,55,56,56
1840,1,57,0,55,56,56
1841,1,57,0,55,56,56
1842,1,57,0,55,56,56
1843,1,57,0,55,56,56
1844,1,57,0,55,56,56
1845,1,57,0,55,56,56
1846,1,57,0,55,56,56
1847,1,57,0,55,56,56
1848,1,57,0,55,56,56
1849,1,57,0,55,56,56
1850,1,57,0,55,56,56
1851,1,57,0,55,56,56
1852,1,57,0,55,56,56
1853,1,57,0,55,56,56
1854,1,57,0,55,56,56
1855,1,57,0,55,56,56
1856,1,57,0,55,56,56
1857,1,57,0,55,56,56
1858,1,57,0,55,56,56
1859,1,57,0,55,56,56
1860,1,57,0,55,56,56
1861,1,57,0,55,56,56
1862,1,57,0,55,56,56
1863,1,57,0,55,56,56
1864,1,57,0,55,56,56
1865,1,57,0,55,56,56
1866,1,57,0,55,56,56
1867,1,57,0,55,56,56
1868,1,57,0,55,56,56
1869,1,57,0,55,56,56
1870,1,57,0,55,56,56
1871,1,57,0,55,56,56
1872,1,57,0,55,56,56
1873,1,57,0,55,56,56
1874,1,57,0,55,56,56
1875,1,57,0,55,56,56
1876,1,57,0,55,56,56
1877,1,57,0,55,56,56
1878,1,57,0,55,56,56
1879,1,57,0,55,56,56
1880,1,57,0,55,56,56
1881,1,57,0,55,56,56
1882,1,57,0,55,56,56
1883,1,57,0,55,56,56
1884,1,57,0,55,56,56
1885,1,57,0,55,56,56
1886,1,57,0,55,56,56
1887,1,57,0,55,56,56
1888,1,57,0,55,56,56
1889,1,57,0,55,56,56
1890,1,57,0,55,56,56
1891,1,57,0,55,56,56
1892,1,57,0,55,56,56
1893,1,57,0,55,56,56
1894,1,57,0,55,56,56
1895,1,57,0,55,56,56
1896,1,57,0,55,56,56
1897,1,57,0,55,56,56
1898,1,57,0,55,56,56
1899,1,57,0,55,56,56
1900,1,57,0,55,56,56
1901,1,57,0,55,56,56
1902,1,57,0,55,56,56
1903,1,57,0,55,56,56
1904,1,57,0,55,56,56
1905,1,57,0,55,56,56
1906,1,57,0,55,56,56
1907,1,57,0,55,56,56
1908,1,57,0,55,56,56
1909,1,57,0,55,56,56
1910,1,57,0,55,56,56
1911,1,57,0,55,56,56
1912,1,57,0,55,56,56
1913,1,57,0,55,56,56
1914,1,57,0,55,56,56
1915,1,57,0,55,56,56
1916,1,57,0,55,56,56
1917,1,57,0,55,56,56
1918,1,57,0,55,56,56
1919,1,57,0,55,56,56
1920,1,57,0,55,56,56
1921,1,57,0,55,56,56
1922,1,57,0,55,56,56
1923,1,57,0,55,56,56
1924,1,57,0,55,56,56
1925,1,57,0,55,56,56
1926,1,57,0,55,56,56
1927,1,57,0,55,56,56
1928,1,57,0,55,56,56
1929,1,57,0,55,56,56
1930,1,57,0,55,56,56
1931,1,57,0,55,56,56
1932,1,57,0,55,56,56
1933,1,57,0,55,56,56
1934,1,57,0,55,56,56
1935,1,57,0,55,56,56
1936,1,57,0,55,56,56
1937,1,57,0,55,56,56
1938,1,57,0,55,56,56
1939,1,57,0,55,56,56
1940,1,57,0,55,56,56
1941,1,57,0,55,56,56
1942,1,57,0,55,56,56
1943,1,57,0,55,56,56
1944,1,57,0,55,56,56
1945,1,57,0,55,56,56
1946,1,57,0,55,56,56
1947,1,57,0,55,56,56
1948,1,57,0,55,56,56
1949,1,57,0,55,56,56
1950,1,57,0,55,56,56
1951,1,57,0,55,56,56
1952,1,57,0,55,56,56
1953,1,57,0,55,56,56
1954,1,57,0,55,56,56
1955,1,57,0,55,56,56
1956,1,57,0,55,56,56
1957,1,57,0,55,56,56
1958,1,57,0,55,56,56
1959,1,57,0,55,56,56
1960,1,57,0,55,56,56
1961,1,57,0,55,56,56
1962,1,57,0,55,56,56
1963,1,57,0,55,56,56
1964,1,57,0,55,56,56
1965,1,57,0,55,56,56
1966,1,57,0,55,56,56
1967,1,57,0,55,56,56
1968,1,57,0,55,56,56
1969,1,57,0,55,56,56
1970,1,57,0,55,56,56
1971,1,57,0,55,56,56
1972,1,57,0,55,56,56
1973,1,57,0,55,56,56
1974,1,57,0,55,56,56
1975,1,57,0,55,56,56
1976,1,57,0,55,56,56
1977,1,57,0,55,56,56
1978,1,57,0,55,56,56
1979,1,57,0,55,56,56
1980,1,57,0,55,56,56
1981,1,57,0,55,56,56
1982,1,57,0,55,56,56
1983,1,57,0,55,56,56
1984,1,57,0,55,56,56
1985,1,57,0,55,56,56
1986,1,57,0,55,56,56
1987,1,57,0,55,56,56
1988,1,57,0,55,56,56
1989,1,57,0,55,56,56
1990,1,57,0,55,56,56
1991,1,57,0,55,56,56
1992,1,57,0,55,56,56
1993,1,57,0,55,56,56
1994,1,57,0,55,56,56
1995,1,57,0,55,56,56
1996,1,57,0,55,56,56
1997,1,57,0,55,56,56
1998,1,57,0,55,56,56
1999,1,57,0,55,56,56
2000,1,57,0,55,56,56
2001,1,57,0,55,56,56
2002,1,57,0,55,56,56
2003,1,57,0,55,56,56
2004,1,57,0,55,56,56
2005,1,57,0,55,56,56
2006,1,57,0,55,56,56
2007,1,57,0,55,56,56
2008,1,57,0,55,56,56
2009,1,57,0,55,56,56
2010,1,57,0,55,56,56
2011,1,57,0,55,56,56
2012,1,57,0,55,56,56
2013,1,57,0,55,56,56
2014,1,57,0,55,56,56
2015,1,57,0,55,56,56
2016,1,57,0,55,56,56
2017,1,57,0,55,56,56
2018,1,57,0,55,56,56
2019,1,57,0,55,56,56
2020,1,57,0,55,56,56
2021,1,57,0,55,56,56
2022,1,57,0,55,56,56
2023,1,57,0,55,56,56
2024,1,57,0,55,56,56
2025,1,57,0,55,56,56
2026,1,57,0,55,56,56
2027,1,57,0,55,56,56
2028,1,57,0,55,56,56
2029,1,57,0,55,56,56
2030,1,57,0,55,56,56
2031,1,57,0,55,56,56
2032,1,57,0,55,56,56
2033,1,57,0,55,56,56
2034,1,57,0,55,56,56
2035,1,57,0,55,56,56
2036,1,57,0,55,56,56
2037,1,57,0,55,56,56
2038,1,57,0,55,56,56
2039,1,57,0,55,56,56
2040,1,57,0,55,56,56
2041,1,57,0,55,56,56
2042,1,57,0,55,56,56
2043,1,57,0,55,56,56
2044,1,57,0,55,56,56
2045,1,57,0,55,56,56
2046,1,57,0,55,56,56
2047,1,57,0,55,56,56
2048,1,57,0,55,56,56
2049,1,57,0,55,56,56
2050,1,57,0,55,56,56
2051,1,57,0,55,56,56
2052,1,57,0,55,56,56
2053,1,57,0,55,56,56
2054,1,57,0,55,56,56
2055,1,57,0,55,56,56
2056,1,57,0,55,56,56
2057,1,57,0,55,56,56
2058,1,57,0,55,56,56
2059,1,57,0,55,56,56
2060,1,57,0,55,56,56
2061,1,57,0,55,56,56
2062,1,57,0,55,56,56
2063,1,57,0,55,56,56
2064,1,57,0,55,56,56
2065,1,57,0,55,56,56
2066,1,57,0,55,56,56
2067,1,57,0,55,56,56
2068,1,57,0,55,56,56
2069,1,57,0,55,56,56
2070,1,57,0,55,56,56
2071,1,57,0,55,56,56
2072,1,57,0,55,56,56
2073,1,57,0,55,56,56
2074,1,57,0,55,56,56
2075,1,57,0,55,56,56
2076,1,57,0,55,56,56
2077,1,57,0,55,56,56
2078,1,57,0,55,56,56
2079,1,57,0,55,56,56
2080,1,57,0,55,56,56
2081,1,57,0,55,56,56
2082,1,57,0,55,56,56
2083,1,57,0,55,56,56
2084,1,57,0,55,56,56
2085,1,57,0,55,56,56
2086,1,57,0,55,56,56
2087,1,57,0,55,56,56
2088,1,57,0,55,56,56
2089,1,57,0,55,56,56
2090,1,57,0,55,56,56
2091,1,57,0,55,56,56
2092,1,57,0,55,56,56
2093,1,57,0,55,56,56
2094,1,57,0,55,56,56
2095,1,57,0,55,56,56
2096,1,57,0,55,56,56
2097,1,57,0,55,56,56
2098,1,57,0,55,56,56
2099,1,57,0,55,56,56
2100,1,57,0,55,56,56
2101,1,57,0,55,56,56
2102,1,57,0,55,56,56
2103,1,57,0,55,56,56
2104,1,57,0,55,56,56
2105,1,57,0,55,56,56
2106,1,57,0,55,56,56
2107,1,57,0,55,56,56
2108,1,57,0,55,56,56
2109,1,57,0,55,56,56
2110,1,57,0,55,56,56
2111,1,57,0,55,56,56
2112,1,57,0,55,56,56
2113,1,57,0,55,56,56
2114,1,57,0,55,56,56
2115,1,57,0,55,56,56
2116,1,57,0,55,56,56
2117,1,57,0,55,56,56
2118,1,57,0,55,56,56
2119,1,57,0,55,56,56
2120,1,57,0,55,56,56
2121,1,57,0,55,56,56
2122,1,57,0,55,56,56
2123,1,57,0,55,56,56
2124,1,57,0,55,56,56
2125,1,57,0,55,56,56
2126,1,57,0,55,56,56
2127,1,57,0,55,56,56
2128,1,57,0,55,56,56
2129,1,57,0,55,56,56
2130,1,57,0,55,56,56
2131,1,57,0,55,56,56
2132,1,57,0,55,56,56
2133,1,57,0,55,56,56
2134,1,57,0,55,56,56
2135,1,57,0,55,56,56
2136,1,57,0,55,56,56
2137,1,57,0,55,56,56
2138,1,57,0,55,56,56
2139,1,57,0,55,56,56
2140,1,57,0,55,56,56
2141,1,57,0,55,56,56
2142,1,57,0,55,56,56
2143,1,57,0,55,56,56
2144,1,57,0,55,56,56
2145,1,57,0,55,56,56
2146,1,57,0,55,56,56
2147,1,57,0,55,56,56
2148,1,57,0,55,56,56
2149,1,57,0,55,56,56
2150,1,57,0,55,56,56
2151,1,57,0,55,56,56
2152,1,57,0,55,56,56
2153,1,57,0,55,56,56
2154,1,57,0,55,56,56
2155,1,57,0,55,56,56
2156,1,57,0,55,56,56
2157,1,57,0,55,56,56
2158,1,57,0,55,56,56
2159,1,57,0,55,56,56
2160,1,57,0,55,56,56
2161,1,57,0,55,56,56
2162,1,57,0,55,56,56
2163,1,57,0,55,56,56
2164,1,57,0,55,56,56
2165,1,57,0,55,56,56
2166,1,57,0,55,56,56
2167,1,57,0,55,56,56
2168,1,57,0,55,56,56
2169,1,57,0,55,56,56
2170,1,57,0,55,56,56
2171,1,57,0,55,56,56
2172,1,57,0,55,56,56
2173,1,57,0,55,56,56
2174,1,57,0,55,56,56
2175,1,57,0,55,56,56
2176,1,57,0,55,56,56
2177,1,57,0,55,56,56
2178,1,57,0,55,56,56
2179,1,57,0,55,56,56
2180,1,57,0,55,56,56
2181,1,57,0,55,56,56
2182,1,57,0,55,56,56
2183,1,57,0,55,56,56
2184,1,57,0,55,56,56
2185,1,57,0,55,56,56
2186,1,57,0,55,56,56
2187,1,57,0,55,56,56
2188,1,57,0,55,56,56
2189,1,57,0,55,56,56
2190,1,57,0,55,56,56
2191,1,57,0,55,56,56
2192,1,57,0,55,56,56
2193,1,57,0,55,56,56
2194,1,57,0,55,56,56
2195,1,57,0,55,56,56
2196,1,57,0,55,56,56
2197,1,57,0,55,56,56
2198,1,57,0,55,56,56
2199,1,57,0,55,56,56
2200,1,57,0,55,56,56
2201,1,57,0,55,56,56
2202,1,57,0,55,56,56
2203,1,57,0,55,56,56
2204,1,57,0,55,56,56
2205,1,57,0,55,56,56
2206,1,57,0,55,56,56
2207,1,57,0,55,56,56
2208,1,57,0,55,56,56
2209,1,57,0,55,56,56
2210,1,57,0,55,56,56
2211,1,57,0,55,56,56
2212,1,57,0,55,56,56
2213,1,57,0,55,56,56
2214,1,57,0,55,56,56
2215,1,57,0,55,56,56
2216,1,57,0,55,56,56
2217,2,57,0,55,56,56
2218,2,57,0,55,56,56
2219,2,57,0,55,56,56
2220,2,57,0,55,56,56
2221,2,57,0,55,56,56
2222,2,57,0,55,56,56
2223,2,57,0,55,56,56
2224,2,57,0,55,56,56
2225,2,57,0,55,56,56
2226,2,57,0,55,56,56
2227,2,57,0,55,56,56
2228,2,57,0,55,56,56
2229,2,57,0,55,56,56
2230,2,57,0,55,56,56
2231,2,57,0,55,56,56
2232,2,57,0,55,56,56
2233,2,57,0,55,56,56
2234,2,57,0,55,56,56
2235,2,57,0,55,56,56
2236,2,57,0,55,56,56
2237,2,57,0,55,56,56
2238,2,57,0,55,56,56
2239,2,57,0,55,56,56
2240,2,57,0,55,56,56
2241,2,57,0,55,56,56
2242,2,57,0,55,56,56
2243,2,57,0,55,56,56
2244,2,57,0,55,56,56
2245,2,57,0,55,56,56
2246,2,57,0,55,56,56
2247,2,57,0,55,56,56
2248,2,57,0,55,56,56
2249,2,57,0,55,56,56
2250,2,57,0,55,56,56
2251,2,57,0,55,56,56
2252,2,57,0,55,56,56
2253,2,57,0,55,56,56
2254,2,57,0,55,56,56
2255,2,57,0,55,56,56
2256,2,57,0,55,56,56
2257,2,57,0,55,56,56
2258,2,57,0,55,56,56
2259,2,57,0,55,56,56
2260,2,57,0,55,56,56
2261,2,57,0,55,56,56
2262,2,57,0,55,56,56
2263,2,57,0,55,56,56
2264,2,57,0,55,56,56
2265,2,57,0,55,56,56
2266,2,57,0,55,56,56
2267,2,57,0,55,56,56
2268,2,57,0,55,56,56
2269,2,57,0,55,56,56
2270,2,57,0,55,56,56
2271,2,57,0,55,56,56
2272,2,57,0,55,56,56
2273,2,57,0,55,56,56
2274,2,57,0,55,56,56
2275,2,57,0,55,56,56
2276,2,57,0,55,56,56
2277,2,57,0,55,56,56
2278,2,57,0,55,56,56
2279,2,57,0,55,56,56
2280,2,57,0,55,56,56
2281,2,57,0,55,56,56
2282,2,57,0,55,56,56
2283,2,57,0,55,56,56
2284,2,57,0,55,56,56
2285,2,57,0,55,56,56
2286,2,57,0,55,56,56
2287,2,57,0,55,56,56
2288,2,57,0,55,56,56
2289,2,57,0,55,56,56
2290,2,57,0,55,56,56
2291,2,57,0,55,56,56
2292,2,57,0,55,56,56
2293,2,57,0,55,56,56
2294,2,57,0,55,56,56
2295,2,57,0,55,56,56
2296,2,57,0,55,56,56
2297,2,57,0,55,56,56
2298,2,57,0,55,56,56
2299,2,57,0,55,56,56
2300,2,57,0,55,56,56
2301,2,57,0,55,56,56
2302,2,57,0,55,56,56
2303,2,57,0,55,56,56
2304,2,57,0,55,56,56
2305,2,57,0,55,56,56
2306,2,57,0,55,56,56
2307,2,57,0,55,56,56
2308,2,57,0,55,56,56
2309,2,57,0,55,56,56
2310,2,57,0,55,56,56
2311,2,57,0,55,56,56
2312,2,57,0,55,56,56
2313,2,57,0,55,56,56
2314,2,57,0,55,56,56
2315,2,57,0,55,56,56
2316,2,57,0,55,56,56
2317,2,57,0,55,56,56
2318,2,57,0,55,56,56
2319,2,57,0,55,56,56
2320,2,57,0,55,56,56
2321,2,57,0,55,56,56
2322,2,57,0,55,56,56
2323,2,57,0,55,56,56
2324,2,57,0,55,56,56
2325,2,57,0,55,56,56
2326,2,57,0,55,56,56
2327,2,57,0,55,56,56
2328,2,57,0,55,56,56
2329,2,57,0,55,56,56
2330,2,57,0,55,56,56
2331,2,57,0,55,56,56
2332,2,57,0,55,56,56
2333,2,57,0,55,56,56
2334,2,57,0,55,56,56
2335,2,57,0,55,56,56
2336,2,57,0,55,56,56
2337,2,57,0,55,56,56
2338,2,57,0,55,56,56
2339,2,57,0,55,56,56
2340,2,57,0,55,56,56
2341,2,57,0,55,56,56
2342,2,57,0,55,56,56
2343,2,57,0,55,56,56
2344,2,57,0,55,56,56
2345,2,57,0,55,56,56
2346,2,57,0,55,56,56
2347,2,57,0,55,56,56
2348,2,57,0,55,56,56
2349,2,57,0,55,56,56
2350,2,57,0,55,56,56
2351,3,57,1,55,56,55
2352,3,57,1,55,56,55
2353,3,57,1,55,56,55
2354,3,57,1,55,56,55
2355,3,57,1,55,56,55
2356,3,57,1,55,56,55
2357,3,57,1,55,56,55
2358,3,57,1,55,56,55
2359,3,57,1,55,56,55
2360,3,57,1,55,56,55
2361,3,57,1,55,56,55
2362,3,57,1,55,56,55
2363,3,57,1,55,56,55
2364,3,57,1,55,56,55
2365,3,57,1,55,56,55
2366,3,57,1,55,56,55
2367,3,57,1,55,56,55
2368,3,57,1,55,56,55
2369,3,57,1,55,56,55
2370,3,57,1,55,56,55
2371,3,57,1,55,56,55
2372,3,57,1,55,56,55
2373,3,57,1,55,56,55
2374,3,57,1,55,56,55
2375,3,57,1,55,56,55
2376,3,57,1,55,56,55
2377,3,57,1,55,56,55
2378,3,57,1,55,56,55
2379,3,57,1,55,56,55
2380,3,57,1,55,56,55
2381,3,57,1,55,56,55
2382,3,57,1,55,56,55
2383,3,57,1,55,56,55
2384,3,57,1,55,56,55
2385,3,57,1,55,56,55
2386,3,57,1,55,56,55
2387,3,57,1,55,56,55
2388,3,57,1,55,56,55
2389,3,57,1,55,56,55
2390,3,57,1,55,56,55
2391,3,57,1,55,56,55
2392,3,57,1,55,56,55
2393,3,57,1,55,56,55
2394,3,57,1,55,56,55
2395,3,57,1,55,56,55
2396,3,57,1,55,56,55
2397,3,57,1,55,56,55
2398,3,57,1,55,56,55
2399,3,57,1,55,56,55
2400,3,57,1,55,56,55
2401,3,57,1,55,56,55
2402,3,57,1,55,56,55
2403,3,57,1,55,56,55
2404,3,57,1,55,56,55
2405,3,57,1,55,56,55
2406,3,57,1,55,56,55
2407,3,57,1,55,56,55
2408,3,57,1,55,56,55
2409,3,57,1,55,56,55
2410,3,57,1,55,56,55
2411,3,57,1,55,56,55
2412,3,57,1,55,56,55
2413,3,57,1,55,56,55
2414,3,57,1,55,56,55
2415,3,57,1,55,56,55
2416,3,57,1,55,56,55
2417,3,57,1,55,56,55
2418,3,57,1,55,56,55
2419,3,57,1,55,56,55
2420,3,57,1,55,56,55
2421,3,57,1,55,56,55
2422,3,57,1,55,56,55
2423,3,57,1,55,56,55
2424,3,57,1,55,56,55
2425,3,57,1,55,56,55
2426,3,57,1,55,56,55
2427,3,57,1,55,56,55
2428,3,57,1,55,56,55
2429,3,57,1,55,56,55
2430,3,57,1,55,56,55
2431,3,57,1,55,56,55
2432,3,57,1,55,56,55
2433,3,57,1,55,56,55
2434,3,57,1,55,56,55
2435,3,57,1,55,56,55
2436,3,57,1,55,56,55
2437,3,57,1,55,56,55
2438,3,57,1,55,56,55
2439,3,57,1,55,56,55
2440,3,57,1,55,56,55
2441,3,57,1,55,56,55
2442,3,57,1,55,56,55
2443,3,57,1,55,56,55
2444,3,57,1,55,56,55
2445,3,57,1,55,56,55
2446,3,57,1,55,56,55
2447,3,57,1,55,56,55
2448,3,57,1,55,56,55
2449,3,57,1,55,56,55
2450,3,57,1,55,56,55
2451,3,57,1,55,56,55
2452,3,57,1,55,56,55
2453,3,57,1,55,56,55
2454,3,57,1,55,56,55
2455,3,57,1,55,56,55
2456,3,57,1,55,56,55
2457,3,57,1,55,56,55
2458,3,57,1,55,56,55
2459,3,57,1,55,56,55
2460,3,57,1,55,56,55
2461,4,57,2,55,56,54
2462,4,57,2,55,56,54
2463,4,57,2,55,56,54
2464,4,57,2,55,56,54
2465,4,57,2,55,56,54
2466,4,57,2,55,56,54
2467,4,57,2,55,56,54
2468,4,57,2,55,56,54
2469,4,57,2,55,56,54
2470,4,57,2,55,56,54
2471,4,57,2,55,56,54
2472,4,57,2,55,56,54
2473,4,57,2,55,56,54
2474,4,57,2,55,56,54
2475,4,57,2,55,56,54
2476,4,57,2,55,56,54
2477,4,57,2,55,56,54
2478,4,57,2,55,56,54
2479,4,57,2,55,56,54
2480,4,57,2,55,56,54
2481,4,57,2,55,56,54
2482,4,57,2,55,56,54
2483,4,57,2,55,56,54
2484,4,57,2,55,56,54
2485,4,57,2,55,56,54
2486,4,57,2,55,56,54
2487,4,57,2,55,56,54
2488,4,57,2,55,56,54
2489,4,57,2,55,56,54
2490,4,57,2,55,56,54
2491,4,57,2,55,56,54
2492,4,57,2,55,56,54
2493,4,57,2,55,56,54
2494,4,57,2,55,56,54
2495,4,57,2,55,56,54
2496,4,57,2,55,56,54
2497,4,57,2,55,56,54
2498,4,57,2,55,56,54
2499,4,57,2,55,56,54
2500,4,57,2,55,56,54
2501,4,57,2,55,56,54
2502,4,57,2,55,56,54
2503,4,57,2,55,56,54
2504,4,57,2,55,56,54
2505,4,57,2,55,56,54
2506,4,57,2,55,56,54
2507,4,57,2,55,56,54
2508,4,57,2,55,56,54
2509,4,57,2,55,56,54
2510,4,57,2,55,56,54
2511,4,57,2,55,56,54
2512,4,57,2,55,56,54
2513,4,57,2,55,56,54
2514,4,57,2,55,56,54
2515,4,57,2,55,56,54
2516,4,57,2,55,56,54
2517,4,57,2,55,56,54
2518,4,57,2,55,56,54
2519,4,57,2,55,56,54
2520,4,57,2,55,56,54
2521,4,57,2,55,56,54
2522,4,57,2,55,56,54
2523,4,57,2,55,56,54
2524,4,57,2,55,56,54
2525,4,57,2,55,56,54
2526,4,57,2,55,56,54
2527,4,57,2,55,56,54
2528,4,57,2,55,56,54
2529,4,57,2,55,56,54
2530,4,57,2,55,56,54
2531,4,57,2,55,56,54
2532,4,57,2,55,56,54
2533,4,57,2,55,56,54
2534,4,57,2,55,56,54
2535,4,57,2,55,56,54
2536,4,57,2,55,56,54
2537,4,57,2,55,56,54
2538,4,57,2,55,56,54
2539,4,57,2,55,56,54
2540,4,57,2,55,56,54
2541,4,57,2,55,56,54
2542,4,57,2,55,56,54
2543,4,57,2,55,56,54
2544,4,57,2,55,56,54
2545,4,57,2,55,56,54
2546,4,57,2,55,56,54
2547,4,57,2,55,56,54
2548,4,57,2,55,56,54
2549,4,57,2,55,56,54
2550,4,57,2,55,56,54
2551,4,57,2,55,56,54
2552,4,57,2,55,56,54
2553,4,57,2,55,56,54
2554,4,57,2,55,56,54
2555,5,57,3,55,56,53
2556,5,57,3,55,56,53
2557,5,57,3,55,56,53
2558,5,57,3,55,56,53
2559,5,57,3,55,56,53
2560,5,57,3,55,56,53
2561,5,57,3,55,56,53
2562,5,57,3,55,56,53
2563,5,57,3,55,56,53
2564,5,57,3,55,56,53
2565,5,57,3,55,56,53
2566,5,57,3,55,56,53
2567,5,57,3,55,56,53
2568,5,57,3,55,56,53
2569,5,57,3,55,56,53
2570,5,57,3,55,56,53
2571,5,57,3,55,56,53
2572,5,57,3,55,56,53
2573,5,57,3,55,56,53
2574,5,57,3,55,56,53
2575,5,57,3,55,56,53
2576,5,57,3,55,56,53
2577,5,57,3,55,56,53
2578,5,57,3,55,56,53
2579,5,57,3,55,56,53
2580,5,57,3,55,56,53
2581,5,57,3,55,56,53
2582,5,57,3,55,56,53
2583,5,57,3,55,56,53
2584,5,57,3,55,56,53
2585,5,57,3,55,56,53
2586,5,57,3,55,56,53
2587,5,57,3,55,56,53
2588,5,57,3,55,56,53
2589,5,57,3,55,56,53
2590,5,57,3,55,56,53
2591,5,57,3,55,56,53
2592,5,57,3,55,56,53
2593,5,57,3,55,56,53
2594,5,57,3,55,56,53
2595,5,57,3,55,56,53
2596,5,57,3,55,56,53
2597,5,57,3,55,56,53
2598,5,57,3,55,56,53
2599,5,57,3,55,56,53
2600,5,57,3,55,56,53
2601,5,57,3,55,56,53
2602,5,57,3,55,56,53
2603,5,57,3,55,56,53
2604,5,57,3,55,56,53
2605,5,57,3,55,56,53
2606,5,57,3,55,56,53
2607,5,57,3,55,56,53
2608,5,57,3,55,56,53
2609,5,57,3,55,56,53
2610,5,57,3,55,56,53
2611,5,57,3,55,56,53
2612,5,57,3,55,56,53
2613,5,57,3,55,56,53
2614,5,57,3,55,56,53
2615,5,57,3,55,56,53
2616,5,57,3,55,56,53
2617,5,57,3,55,56,53
2618,5,57,3,55,56,53
2619,5,57,3,55,56,53
2620,5,57,3,55,56,53
2621,5,57,3,55,56,53
2622,5,57,3,55,56,53
2623,5,57,3,55,56,53
2624,5,57,3,55,56,53
2625,5,57,3,55,56,53
2626,5,57,3,55,56,53
2627,5,57,3,55,56,53
2628,5,57,3,55,56,53
2629,5,57,3,55,56,53
2630,5,57,3,55,56,53
2631,5,57,3,55,56,53
2632,5,57,3,55,56,53
2633,5,57,3,55,56,53
2634,5,57,3,55,56,53
2635,5,57,3,55,56,53
2636,5,57,3,55,56,53
2637,6,57,4,55,56,52
2638,6,57,4,55,56,52
2639,6,57,4,55,56,52
2640,6,57,4,55,56,52
2641,6,57,4,55,56,52
2642,6,57,4,55,56,52
2643,6,57,4,55,56,52
2644,6,57,4,55,56,52
2645,6,57,4,55,56,52
2646,6,57,4,55,56,52
2647,6,57,4,55,56,52
2648,6,57,4,55,56,52
2649,6,57,4,55,56,52
2650,6,57,4,55,56,52
2651,6,57,4,55,56,52
2652,6,57,4,55,56,52
2653,6,57,4,55,56,52
2654,6,57,4,55,56,52
2655,6,57,4,55,56,52
2656,6,57,4,55,56,52
2657,6,57,4,55,56,52
2658,6,57,4,55,56,52
2659,6,57,4,55,56,52
2660,6,57,4,55,56,52
2661,6,57,4,55,56,52
2662,6,57,4,55,56,52
2663,6,57,4,55,56,52
2664,6,57,4,55,56,52
2665,6,57,4,55,56,52
2666,6,57,4,55,56,52
2667,6,57,4,55,56,52
2668,6,57,4,55,56,52
2669,6,57,4,55,56,52
2670,6,57,4,55,56,52
2671,6,57,4,55,56,52
2672,6,57,4,55,56,52
2673,6,57,4,55,56,52
2674,6,57,4,55,56,52
2675,6,57,4,55,56,52
2676,6,57,4,55,56,52
2677,6,57,4,55,56,52
2678,6,57,4,55,56,52
2679,6,57,4,55,56,52
2680,6,57,4,55,56,52
2681,6,57,4,55,56,52
2682,6,57,4,55,56,52
2683,6,57,4,55,56,52
2684,6,57,4,55,56,52
2685,6,57,4,55,56,52
2686,6,57,4,55,56,52
2687,6,57,4,55,56,52
2688,6,57,4,55,56,52
2689,6,57,4,55,56,52
2690,6,57,4,55,56,52
2691,6,57,4,55,56,52
2692,6,57,4,55,56,52
2693,6,57,4,55,56,52
2694,6,57,4,55,56,52
2695,6,57,4,55,56,52
2696,6,57,4,55,56,52
2697,6,57,4,55,56,52
2698,6,57,4,55,56,52
2699,6,57,4,55,56,52
2700,6,57,4,55,56,52
2701,6,57,4,55,56,52
2702,6,57,4,55,56,52
2703,6,57,4,55,56,52
2704,6,57,4,55,56,52
2705,6,57,4,55,56,52
2706,6,57,4,55,56,52
2707,6,57,4,55,56,52
2708,6,57,4,55,56,52
2709,6,57,4,55,56,52
2710,6,57,4,55,56,52
2711,6,57,4,55,56,52
2712,6,57,4,55,56,52
2713,7,57,5,55,56,51
2714,7,57,5,55,56,51
2715,7,57,5,55,56,51
2716,7,57,5,55,56,51
2717,7,57,5,55,56,51
2718,7,57,5,55,56,51
2719,7,57,5,55,56,51
2720,7,57,5,55,56,51
2721,7,57,5,55,56,51
2722,7,57,5,55,56,51
2723,7,57,5,55,56,51
2724,7,57,5,55,56,51
2725,7,57,5,55,56,51
2726,7,57,5,55,56,51
2727,7,57,5,55,56,51
2728,7,57,5,55,56,51
2729,7,57,5,55,56,51
2730,7,57,5,55,56,51
2731,7,57,5,55,56,51
2732,7,57,5,55,56,51
2733,7,57,5,55,56,51
2734,7,57,5,55,56,51
2735,7,57,5,55,56,51
2736,7,57,5,55,56,51
2737,7,57,5,55,56,51
2738,7,57,5,55,56,51
2739,7,57,5,55,56,51
2740,7,57,5,55,56,51
2741,7,57,5,55,56,51
2742,7,57,5,55,56,51
2743,7,57,5,55,56,51
2744,7,57,5,55,56,51
2745,7,57,5,55,56,51
2746,7,57,5,55,56,51
2747,7,57,5,55,56,51
2748,7,57,5,55,56,51
2749,7,57,5,55,56,51
2750,7,57,5,55,56,51
2751,7,57,5,55,56,51
2752,7,57,5,55,56,51
2753,7,57,5,55,56,51
2754,7,57,5,55,56,51
2755,7,57,5,55,56,51
2756,7,57,5,55,56,51
2757,7,57,5,55,56,51
2758,7,57,5,55,56,51
2759,7,57,5,55,56,51
2760,7,57,5,55,56,51
2761,7,57,5,55,56,51
2762,7,57,5,55,56,51
2763,7,57,5,55,56,51
2764,7,57,5,55,56,51
2765,7,57,5,55,56,51
2766,7,57,5,55,56,51
2767,7,57,5,55,56,51
2768,7,57,5,55,56,51
2769,7,57,5,55,56,51
2770,7,57,5,55,56,51
2771,7,57,5,55,56,51
2772,7,57,5,55,56,51
2773,7,57,5,55,56,51
2774,7,57,5,55,56,51
2775,7,57,5,55,56,51
2776,7,57,5,55,56,51
2777,7,57,5,55,56,51
2778,7,57,5,55,56,51
2779,7,57,5,55,56,51
2780,7,57,5,55,56,51
2781,7,57,5,55,56,51
2782,7,57,5,55,56,51
2783,7,57,5,55,56,51
2784,7,57,5,55,56,51
2785,7,57,5,55,56,51
2786,7,57,5,55,56,51
2787,7,57,5,55,56,51
2788,7,57,5,55,56,51
2789,7,57,5,55,56,51
2790,7,57,5,55,56,51
2791,8,57,6,55,56,50
2792,8,57,6,55,56,50
2793,8,57,6,55,56,50
2794,8,57,6,55,56,50
2795,8,57,6,55,56,50
2796,8,57,6,55,56,50
2797,8,57,6,55,56,50
2798,8,57,6,55,56,50
2799,8,57,6,55,56,50
2800,8,57,6,55,56,50
2801,8,57,6,55,56,50
2802,8,57,6,55,56,50
2803,8,57,6,55,56,50
2804,8,57,6,55,56,50
2805,8,57,6,55,56,50
2806,8,57,6,55,56,50
2807,8,57,6,55,56,50
2808,8,57,6,55,56,50
2809,8,57,6,55,56,50
2810,8,57,6,55,56,50
2811,8,57,6,55,56,50
2812,8,57,6,55,56,50
2813,8,57,6,55,56,50
2814,8,57,6,55,56,50
2815,8,57,6,55,56,50
2816,8,57,6,55,56,50
2817,8,57,6,55,56,50
2818,8,57,6,55,56,50
2819,8,57,6,55,56,50
2820,8,57,6,55,56,50
2821,8,57,6,55,56,50
2822,8,57,6,55,56,50
2823,8,57,6,55,56,50
2824,8,57,6,55,56,50
2825,8,57,6,55,56,50
2826,8,57,6,55,56,50
2827,8,57,6,55,56,50
2828,8,57,6,55,56,50
2829,8,57,6,55,56,50
2830,8,57,6,55,56,50
2831,8,57,6,55,56,50
2832,8,57,6,55,56,50
2833,8,57,6,55,56,50
2834,8,57,6,55,56,50
2835,8,57,6,55,56,50
2836,8,57,6,55,56,50
2837,8,57,6,55,56,50
2838,8,57,6,55,56,50
2839,8,57,6,55,56,50
2840,8,57,6,55,56,50
2841,8,57,6,55,56,50
2842,8,57,6,55,56,50
2843,8,57,6,55,56,50
2844,8,57,6,55,56,50
2845,8,57,6,55,56,50
2846,8,57,6,55,56,50
2847,8,57,6,55,56,50
2848,8,57,6,55,56,50
2849,8,57,6,55,56,50
2850,8,57,6,55,56,50
2851,8,57,6,55,56,50
2852,8,57,6,55,56,50
2853,8,57,6,55,56,50
2854,8,57,6,55,56,50
2855,8,57,6,55,56,50
2856,8,57,6,55,56,50
2857,8,57,6,55,56,50
2858,8,57,6,55,56,50
2859,8,57,6,55,56,50
2860,8,57,6,55,56,50
2861,8,57,6,55,56,50
2862,8,57,6,55,56,50
2863,8,57,6,55,56,50
2864,8,57,6,55,56,50
2865,8,57,6,55,56,50
2866,8,57,6,55,56,50
2867,8,57,6,55,56,50
2868,8,57,6,55,56,50
2869,8,57,6,55,56,50
2870,8,57,6,55,56,50
2871,8,57,6,55,56,50
2872,8,57,6,55,56,50
2873,8,57,6,55,56,50
2874,8,57,6,55,56,50
2875,9,57,7,55,56,49
2876,9,57,7,55,56,49
2877,9,57,7,55,56,49
2878,9,57,7,55,56,49
2879,9,57,7,55,56,49
2880,9,57,7,55,56,49
2881,9,57,7,55,56,49
2882,9,57,7,55,56,49
2883,9,57,7,55,56,49
2884,9,57,7,55,56,49
2885,9,57,7,55,56,49
2886,9,57,7,55,56,49
2887,9,57,7,55,56,49
2888,9,57,7,55,56,49
2889,9,57,7,55,56,49
2890,9,57,7,55,56,49
2891,9,57,7,55,56,49
2892,9,57,7,55,56,49
2893,9,57,7,55,56,49
2894,9,57,7,55,56,49
2895,9,57,7,55,56,49
2896,9,57,7,55,56,49
2897,9,57,7,55,56,49
2898,9,57,7,55,56,49
2899,9,57,7,55,56,49
2900,9,57,7,55,56,49
2901,9,57,7,55,56,49
2902,9,57,7,55,56,49
2903,9,57,7,55,56,49
2904,9,57,7,55,56,49
2905,9,57,7,55,56,49
2906,9,57,7,55,56,49
2907,9,57,7,55,56,49
2908,9,57,7,55,56,49
2909,9,57,7,55,56,49
2910,9,57,7,55,56,49
2911,9,57,7,55,56,49
2912,9,57,7,55,56,49
2913,9,57,7,55,56,49
2914,9,57,7,55,56,49
2915,9,57,7,55,56,49
2916,9,57,7,55,56,49
2917,9,57,7,55,56,49
2918,9,57,7,55,56,49
2919,9,57,7,55,56,49
2920,9,57,7,55,56,49
2921,9,57,7,55,56,49
2922,9,57,7,55,56,49
2923,9,57,7,55,56,49
2924,9,57,7,55,56,49
2925,9,57,7,55,56,49
2926,9,57,7,55,56,49
2927,9,57,7,55,56,49
2928,9,57,7,55,56,49
2929,9,57,7,55,56,49
2930,9,57,7,55,56,49
2931,9,57,7,55,56,49
2932,9,57,7,55,56,49
2933,9,57,7,55,56,49
2934,9,57,7,55,56,49
2935,9,57,7,55,56,49
2936,9,57,7,55,56,49
2937,9,57,7,55,56,49
2938,9,57,7,55,56,49
2939,9,57,7,55,56,49
2940,9,57,7,55,56,49
2941,9,57,7,55,56,49
2942,9,57,7,55,56,49
2943,9,57,7,55,56,49
2944,9,57,7,55,56,49
2945,9,57,7,55,56,49
2946,9,57,7,55,56,49
2947,9,57,7,55,56,49
2948,9,57,7,55,56,49
2949,9,57,7,55,56,49
2950,9,57,7,55,56,49
2951,9,57,7,55,56,49
2952,9,57,7,55,56,49
2953,9,57,7,55,56,49
2954,9,57,7,55,56,49
2955,9,57,7,55,56,49
2956,9,57,7,55,56,49
2957,9,57,7,55,56,49
2958,9,57,7,55,56,49
2959,9,57,7,55,56,49
2960,9,57,7,55,56,49
2961,9,57,7,55,56,49
2962,9,57,7,55,56,49
2963,9,57,7,55,56,49
2964,9,57,7,55,56,49
2965,9,57,7,55,56,49
2966,9,57,7,55,56,49
2967,9,57,7,55,56,49
2968,9,57,7,55,56,49
2969,10,57,8,55,56,48
2970,10,57,8,55,56,48
2971,10,57,8,55,56,48
2972,10,57,8,55,56,48
2973,10,57,8,55,56,48
2974,10,57,8,55,56,48
2975,10,57,8,55,56,48
2976,10,57,8,55,56,48
2977,10,57,8,55,56,48
2978,10,57,8,55,56,48
2979,10,57,8,55,56,48
2980,10,57,8,55,56,48
2981,10,57,8,55,56,48
2982,10,57,8,55,56,48
2983,10,57,8,55,56,48
2984,10,57,8,55,56,48
2985,10,57,8,55,56,48
2986,10,57,8,55,56,48
2987,10,57,8,55,56,48
2988,10,57,8,55,56,48
2989,10,57,8,55,56,48
2990,10,57,8,55,56,48
2991,10,57,8,55,56,48
2992,10,57,8,55,56,48
2993,10,57,8,55,56,48
2994,10,57,8,55,56,48
2995,10,57,8,55,56,48
2996,10,57,8,55,56,48
2997,10,57,8,55,56,48
2998,10,57,8,55,56,48
2999,10,57,8,55,56,48
3000,10,57,8,55,56,48
3001,10,57,8,55,56,48
3002,10,57,8,55,56,48
3003,10,57,8,55,56,48
3004,10,57,8,55,56,48
3005,10,57,8,55,56,48
3006,10,57,8,55,56,48
3007,10,57,8,55,56,48
3008,10,57,8,55,56,48
3009,10,57,8,55,56,48
3010,10,57,8,55,56,48
3011,10,57,8,55,56,48
3012,10,57,8,55,56,48
3013,10,57,8,55,56,48
3014,10,57,8,55,56,48
3015,10,57,8,55,56,48
3016,10,57,8,55,56,48
3017,10,57,8,55,56,48
3018,10,57,8,55,56,48
3019,10,57,8,55,56,48
3020,10,57,8,55,56,48
3021,10,57,8,55,56,48
3022,10,57,8,55,56,48
3023,10,57,8,55,56,48
3024,10,57,8,55,56,48
3025,10,57,8,55,56,48
3026,10,57,8,55,56,48
3027,10,57,8,55,56,48
3028,10,57,8,55,56,48
3029,10,57,8,55,56,48
3030,10,57,8,55,56,48
3031,10,57,8,55,56,48
3032,10,57,8,55,56,48
3033,10,57,8,55,56,48
3034,10,57,8,55,56,48
3035,10,57,8,55,56,48
3036,10,57,8,55,56,48
3037,10,57,8,55,56,48
3038,10,57,8,55,56,48
3039,10,57,8,55,56,48
3040,10,57,8,55,56,48
3041,10,57,8,55,56,48
3042,10,57,8,55,56,48
3043,10,57,8,55,56,48
3044,10,57,8,55,56,48
3045,10,57,8,55,56,48
3046,10,57,8,55,56,48
3047,10,57,8,55,56,48
3048,10,57,8,55,56,48
3049,10,57,8,55,56,48
3050,10,57,8,55,56,48
3051,10,57,8,55,56,48
3052,10,57,8,55,56,48
3053,10,57,8,55,56,48
3054,10,57,8,55,56,48
3055,10,57,8,55,56,48
3056,10,57,8,55,56,48
3057,10,57,8,55,56,48
3058,10,57,8,55,56,48
3059,10,57,8,55,56,48
3060,10,57,8,55,56,48
3061,10,57,8,55,56,48
3062,10,57,8,55,56,48
3063,10,57,8,55,56,48
3064,10,57,8,55,56,48
3065,10,57,8,55,56,48
3066,10,57,8,55,56,48
3067,10,57,8,55,56,48
3068,10,57,8,55,56,48
3069,11,57,9,55,56,47
3070,11,57,9,55,56,47
3071,11,57,9,55,56,47
3072,11,57,9,55,56,47
3073,11,57,9,55,56,47
3074,11,57,9,55,56,47
3075,11,57,9,55,56,47
3076,11,57,9,55,56,47
3077,11,57,9,55,56,47
3078,11,57,9,55,56,47
3079,11,57,9,55,56,47
3080,11,57,9,55,56,47
3081,11,57,9,55,56,47
3082,11,57,9,55,56,47
3083,11,57,9,55,56,47
3084,11,57,9,55,56,47
3085,11,57,9,55,56,47
3086,11,57,9,55,56,47
3087,11,57,9,55,56,47
3088,11,57,9,55,56,47
3089,11,57,9,55,56,47
3090,11,57,9,55,56,47
3091,11,57,9,55,56,47
3092,11,57,9,55,56,47
3093,11,57,9,55,56,47
3094,11,57,9,55,56,47
3095,11,57,9,55,56,47
3096,11,57,9,55,56,47
3097,11,57,9,55,56,47
3098,11,57,9,55,56,47
3099,11,57,9,55,56,47
3100,11,57,9,55,56,47
3101,11,57,9,55,56,47
3102,11,57,9,55,56,47
3103,11,57,9,55,56,47
3104,11,57,9,55,56,47
3105,11,57,9,55,56,47
3106,11,57,9,55,56,47
3107,11,57,9,55,56,47
3108,11,57,9,55,56,47
3109,11,57,9,55,56,47
3110,11,57,9,55,56,47
3111,11,57,9,55,56,47
3112,11,57,9,55,56,47
3113,11,57,9,55,56,47
3114,11,57,9,55,56,47
3115,11,57,9,55,56,47
3116,11,57,9,55,56,47
3117,11,57,9,55,56,47
3118,11,57,9,55,56,47
3119,11,57,9,55,56,47
3120,11,57,9,55,56,47
3121,11,57,9,55,56,47
3122,11,57,9,55,56,47
3123,11,57,9,55,56,47
3124,11,57,9,55,56,47
3125,11,57,9,55,56,47
3126,11,57,9,55,56,47
3127,11,57,9,55,56,47
3128,11,57,9,55,56,47
3129,11,57,9,55,56,47
3130,11,57,9,55,56,47
3131,11,57,9,55,56,47
3132,11,57,9,55,56,47
3133,11,57,9,55,56,47
3134,11,57,9,55,56,47
3135,11,57,9,55,56,47
3136,11,57,9,55,56,47
3137,11,57,9,55,56,47
3138,11,57,9,55,56,47
3139,11,57,9,55,56,47
3140,11,57,9,55,56,47
3141,11,57,9,55,56,47
3142,11,57,9,55,56,47
3143,11,57,9,55,56,47
3144,11,57,9,55,56,47
3145,11,57,9,55,56,47
3146,11,57,9,55,56,47
3147,11,57,9,55,56,47
3148,11,57,9,55,56,47
3149,11,57,9,55,56,47
3150,11,57,9,55,56,47
3151,11,57,9,55,56,47
3152,11,57,9,55,56,47
3153,11,57,9,55,56,47
3154,11,57,9,55,56,47
3155,11,57,9,55,56,47
3156,11,57,9,55,56,47
3157,11,57,9,55,56,47
3158,11,57,9,55,56,47
3159,11,57,9,55,56,47
3160,11,57,9,55,56,47
3161,11,57,9,55,56,47
3162,11,57,9,55,56,47
3163,11,57,9,55,56,47
3164,11,57,9,55,56,47
3165,11,57,9,55,56,47
3166,11,57,9,55,56,47
3167,11,57,9,55,56,47
3168,11,57,9,55,56,47
3169,11,57,9,55,56,47
3170,11,57,9,55,56,47
3171,11,57,9,55,56,47
3172,11,57,9,55,56,47
3173,12,57,10,55,56,46
3174,12,57,10,55,56,46
3175,12,57,10,55,56,46
3176,12,57,10,55,56,46
3177,12,57,10,55,56,46
3178,12,57,10,55,56,46
3179,12,57,10,55,56,46
3180,12,57,10,55,56,46
3181,12,57,10,55,56,46
3182,12,57,10,55,56,46
3183,12,57,10,55,56,46
3184,12,57,10,55,56,46
3185,12,57,10,55,56,46
3186,12,57,10,55,56,46
3187,12,57,10,55,56,46
3188,12,57,10,55,56,46
3189,12,57,10,55,56,46
3190,12,57,10,55,56,46
3191,12,57,10,55,56,46
3192,12,57,10,55,56,46
3193,12,57,10,55,56,46
3194,12,57,10,55,56,46
3195,12,57,10,55,56,46
3196,12,57,10,55,56,46
3197,12,57,10,55,56,46
3198,12,57,10,55,56,46
3199,12,57,10,55,56,46
3200,12,57,10,55,56,46
3201,12,57,10,55,56,46
3202,12,57,10,55,56,46
3203,12,57,10,55,56,46
3204,12,57,10,55,56,46
3205,12,57,10,55,56,46
3206,12,57,10,55,56,46
3207,12,57,10,55,56,46
3208,12,57,10,55,56,46
3209,12,57,10,55,56,46
3210,12,57,10,55,56,46
3211,12,57,10,55,56,46
3212,12,57,10,55,56,46
3213,12,57,10,55,56,46
3214,12,57,10,55,56,46
3215,12,57,10,55,56,46
3216,12,57,10,55,56,46
3217,12,57,10,55,56,46
3218,12,57,10,55,56,46
3219,12,57,10,55,56,46
3220,12,57,10,55,56,46
3221,12,57,10,55,56,46
3222,12,57,10,55,56,46
3223,12,57,10,55,56,46
3224,12,57,10,55,56,46
3225,12,57,10,55,56,46
3226,12,57,10,55,56,46
3227,12,57,10,55,56,46
3228,12,57,10,55,56,46
3229,12,57,10,55,56,46
3230,12,57,10,55,56,46
3231,12,57,10,55,56,46
3232,12,57,10,55,56,46
3233,12,57,10,55,56,46
3234,12,57,10,55,56,46
3235,12,57,10,55,56,46
3236,12,57,10,55,56,46
3237,12,57,10,55,56,46
3238,12,57,10,55,56,46
3239,12,57,10,55,56,46
3240,12,57,10,55,56,46
3241,12,57,10,55,56,46
3242,12,57,10,55,56,46
3243,12,57,10,55,56,46
3244,12,57,10,55,56,46
3245,12,57,10,55,56,46
3246,12,57,10,55,56,46
3247,12,57,10,55,56,46
3248,12,57,10,55,56,46
3249,12,57,10,55,56,46
3250,12,57,10,55,56,46
3251,12,57,10,55,56,46
3252,12,57,10,55,56,46
3253,12,57,10,55,56,46
3254,12,57,10,55,56,46
3255,12,57,10,55,56,46
3256,12,57,10,55,56,46
3257,12,57,10,55,56,46
3258,12,57,10,55,56,46
3259,12,57,10,55,56,46
3260,12,57,10,55,56,46
3261,12,57,10,55,56,46
3262,12,57,10,55,56,46
3263,12,57,10,55,56,46
3264,12,57,10,55,56,46
3265,12,57,10,55,56,46
3266,12,57,10,55,56,46
3267,12,57,10,55,56,46
3268,12,57,10,55,56,46
3269,12,57,10,55,56,46
3270,12,57,10,55,56,46
3271,12,57,10,55,56,46
3272,12,57,10,55,56,46
3273,13,57,11,55,56,45
3274,13,57,11,55,56,45
3275,13,57,11,55,56,45
3276,13,57,11,55,56,45
3277,13,57,11,55,56,45
3278,13,57,11,55,56,45
3279,13,57,11,55,56,45
3280,13,57,11,55,56,45
3281,13,57,11,55,56,45
3282,13,57,11,55,56,45
3283,13,57,11,55,56,45
3284,13,57,11,55,56,45
3285,13,57,11,55,56,45
3286,13,57,11,55,56,45
3287,13,57,11,55,56,45
3288,13,57,11,55,56,45
3289,13,57,11,55,56,45
3290,13,57,11,55,56,45
3291,13,57,11,55,56,45
3292,13,57,11,55,56,45
3293,13,57,11,55,56,45
3294,13,57,11,55,56,45
3295,13,57,11,55,56,45
3296,13,57,11,55,56,45
3297,13,57,11,55,56,45
3298,13,57,11,55,56,45
3299,13,57,11,55,56,45
3300,13,57,11,55,56,45
3301,13,57,11,55,56,45
3302,13,57,11,55,56,45
3303,13,57,11,55,56,45
3304,13,57,11,55,56,45
3305,13,57,11,55,56,45
3306,13,57,11,55,56,45
3307,13,57,11,55,56,45
3308,13,57,11,55,56,45
3309,13,57,11,55,56,45
3310,13,57,11,55,56,45
3311,13,57,11,55,56,45
3312,13,57,11,55,56,45
3313,13,57,11,55,56,45
3314,13,57,11,55,56,45
3315,13,57,11,55,56,45
3316,13,57,11,55,56,45
3317,13,57,11,55,56,45
3318,13,57,11,55,56,45
3319,13,57,11,55,56,45
3320,13,57,11,55,56,45
3321,13,57,11,55,56,45
3322,13,57,11,55,56,45
3323,13,57,11,55,56,45
3324,13,57,11,55,56,45
3325,13,57,11,55,56,45
3326,13,57,11,55,56,45
3327,13,57,11,55,56,45
3328,13,57,11,55,56,45
3329,13,57,11,55,56,45
3330,13,57,11,55,56,45
3331,13,57,11,55,56,45
3332,13,57,11,55,56,45
3333,13,57,11,55,56,45
3334,13,57,11,55,56,45
3335,13,57,11,55,56,45
3336,13,57,11,55,56,45
3337,13,57,11,55,56,45
3338,13,57,11,55,56,45
3339,13,57,11,55,56,45
3340,13,57,11,55,56,45
3341,13,57,11,55,56,45
3342,13,57,11,55,56,45
3343,13,57,11,55,56,45
3344,13,57,11,55,56,45
3345,13,57,11,55,56,45
3346,13,57,11,55,56,45
3347,13,57,11,55,56,45
3348,13,57,11,55,56,45
3349,13,57,11,55,56,45
3350,13,57,11,55,56,45
3351,13,57,11,55,56,45
3352,13,57,11,55,56,45
3353,13,57,11,55,56,45
3354,13,57,11,55,56,45
3355,13,57,11,55,56,45
3356,13,57,11,55,56,45
3357,13,57,11,55,56,45
3358,13,57,11,55,56,45
3359,13,57,11,55,56,45
3360,13,57,11,55,56,45
3361,13,57,11,55,56,45
3362,13,57,11,55,56,45
3363,13,57,11,55,56,45
3364,13,57,11,55,56,45
3365,13,57,11,55,56,45
3366,13,57,11,55,56,45
3367,14,57,12,55,56,44
3368,14,57,12,55,56,44
3369,14,57,12,55,56,44
3370,14,57,12,55,56,44
3371,14,57,12,55,56,44
3372,14,57,12,55,56,44
3373,14,57,12,55,56,44
3374,14,57,12,55,56,44
3375,14,57,12,55,56,44
3376,14,57,12,55,56,44
3377,14,57,12,55,56,44
3378,14,57,12,55,56,44
3379,14,57,12,55,56,44
3380,14,57,12,55,56,44
3381,14,57,12,55,56,44
3382,14,57,12,55,56,44
3383,14,57,12,55,56,44
3384,14,57,12,55,56,44
3385,14,57,12,55,56,44
3386,14,57,12,55,56,44
3387,14,57,12,55,56,44
3388,14,57,12,55,56,44
3389,14,57,12,55,56,44
3390,14,57,12,55,56,44
3391,14,57,12,55,56,44
3392,14,57,12,55,56,44
3393,14,57,12,55,56,44
3394,14,57,12,55,56,44
3395,14,57,12,55,56,44
3396,14,57,12,55,56,44
3397,14,57,12,55,56,44
3398,14,57,12,55,56,44
3399,14,57,12,55,56,44
3400,14,57,12,55,56,44
3401,14,57,12,55,56,44
3402,14,57,12,55,56,44
3403,14,57,12,55,56,44
3404,14,57,12,55,56,44
3405,14,57,12,55,56,44
3406,14,57,12,55,56,44
3407,14,57,12,55,56,44
3408,14,57,12,55,56,44
3409,14,57,12,55,56,44
3410,14,57,12,55,56,44
3411,14,57,12,55,56,44
3412,14,57,12,55,56,44
3413,14,57,12,55,56,44
3414,14,57,12,55,56,44
3415,14,57,12,55,56,44
3416,14,57,12,55,56,44
3417,14,57,12,55,56,44
3418,14,57,12,55,56,44
3419,14,57,12,55,56,44
3420,14,57,12,55,56,44
3421,14,57,12,55,56,44
3422,14,57,12,55,56,44
3423,14,57,12,55,56,44
3424,14,57,12,55,56,44
3425,14,57,12,55,56,44
3426,14,57,12,55,56,44
3427,14,57,12,55,56,44
3428,14,57,12,55,56,44
3429,14,57,12,55,56,44
3430,14,57,12,55,56,44
3431,14,57,12,55,56,44
3432,14,57,12,55,56,44
3433,14,57,12,55,56,44
3434,14,57,12,55,56,44
3435,14,57,12,55,56,44
3436,14,57,12,55,56,44
3437,14,57,12,55,56,44
3438,14,57,12,55,56,44
3439,14,57,12,55,56,44
3440,14,57,12,55,56,44
3441,14,57,12,55,56,44
3442,14,57,12,55,56,44
3443,14,57,12,55,56,44
3444,14,57,12,55,56,44
3445,14,57,12,55,56,44
3446,14,57,12,55,56,44
3447,14,57,12,55,56,44
3448,14,57,12,55,56,44
3449,14,57,12,55,56,44
3450,14,57,12,55,56,44
3451,14,57,12,55,56,44
3452,14,57,12,55,56,44
3453,15,57,13,55,56,43
3454,15,57,13,55,56,43
3455,15,57,13,55,56,43
3456,15,57,13,55,56,43
3457,15,57,13,55,56,43
3458,15,57,13,55,56,43
3459,15,57,13,55,56,43
3460,15,57,13,55,56,43
3461,15,57,13,55,56,43
3462,15,57,13,55,56,43
3463,15,57,13,55,56,43
3464,15,57,13,55,56,43
3465,15,57,13,55,56,43
3466,15,57,13,55,56,43
3467,15,57,13,55,56,43
3468,15,57,13,55,56,43
3469,15,57,13,55,56,43
3470,15,57,13,55,56,43
3471,15,57,13,55,56,43
3472,15,57,13,55,56,43
3473,15,57,13,55,56,43
3474,15,57,13,55,56,43
3475,15,57,13,55,56,43
3476,15,57,13,55,56,43
3477,15,57,13,55,56,43
3478,15,57,13,55,56,43
3479,15,57,13,55,56,43
3480,15,57,13,55,56,43
3481,15,57,13,55,56,43
3482,15,57,13,55,56,43
3483,15,57,13,55,56,43
3484,15,57,13,55,56,43
3485,15,57,13,55,56,43
3486,15,57,13,55,56,43
3487,15,57,13,55,56,43
3488,15,57,13,55,56,43
3489,15,57,13,55,56,43
3490,15,57,13,55,56,43
3491,15,57,13,55,56,43
3492,15,57,13,55,56,43
3493,15,57,13,55,56,43
3494,15,57,13,55,56,43
3495,15,57,13,55,56,43
3496,15,57,13,55,56,43
3497,15,57,13,55,56,43
3498,15,57,13,55,56,43
3499,15,57,13,55,56,43
3500,15,57,13,55,56,43
3501,15,57,13,55,56,43
3502,15,57,13,55,56,43
3503,15,57,13,55,56,43
3504,15,57,13,55,56,43
3505,15,57,13,55,56,43
3506,15,57,13,55,56,43
3507,15,57,13,55,56,43
3508,15,57,13,55,56,43
3509,15,57,13,55,56,43
3510,15,57,13,55,56,43
3511,15,57,13,55,56,43
3512,15,57,13,55,56,43
3513,15,57,13,55,56,43
3514,15,57,13,55,56,43
3515,15,57,13,55,56,43
3516,15,57,13,55,56,43
3517,15,57,13,55,56,43
3518,15,57,13,55,56,43
3519,15,57,13,55,56,43
3520,15,57,13,55,56,43
3521,15,57,13,55,56,43
3522,15,57,13,55,56,43
3523,15,57,13,55,56,43
3524,15,57,13,55,56,43
3525,15,57,13,55,56,43
3526,15,57,13,55,56,43
3527,16,57,14,55,56,42
3528,16,57,14,55,56,42
3529,16,57,14,55,56,42
3530,16,57,14,55,56,42
3531,16,57,14,55,56,42
3532,16,57,14,55,56,42
3533,16,57,14,55,56,42
3534,16,57,14,55,56,42
3535,16,57,14,55,56,42
3536,16,57,14,55,56,42
3537,16,57,14,55,56,42
3538,16,57,14,55,56,42
3539,16,57,14,55,56,42
3540,16,57,14,55,56,42
3541,16,57,14,55,56,42
3542,16,57,14,55,56,42
3543,16,57,14,55,56,42
3544,16,57,14,55,56,42
3545,16,57,14,55,56,42
3546,16,57,14,55,56,42
3547,16,57,14,55,56,42
3548,16,57,14,55,56,42
3549,16,57,14,55,56,42
3550,16,57,14,55,56,42
3551,16,57,14,55,56,42
3552,16,57,14,55,56,42
3553,16,57,14,55,56,42
3554,16,57,14,55,56,42
3555,16,57,14,55,56,42
3556,16,57,14,55,56,42
3557,16,57,14,55,56,42
3558,16,57,14,55,56,42
3559,16,57,14,55,56,42
3560,16,57,14,55,56,42
3561,16,57,14,55,56,42
3562,16,57,14,55,56,42
3563,16,57,14,55,56,42
3564,16,57,14,55,56,42
3565,16,57,14,55,56,42
3566,16,57,14,55,56,42
3567,16,57,14,55,56,42
3568,16,57,14,55,56,42
3569,16,57,14,55,56,42
3570,16,57,14,55,56,42
3571,16,57,14,55,56,42
3572,16,57,14,55,56,42
3573,16,57,14,55,56,42
3574,16,57,14,55,56,42
3575,16,57,14,55,56,42
3576,16,57,14,55,56,42
3577,16,57,14,55,56,42
3578,16,57,14,55,56,42
3579,16,57,14,55,56,42
3580,16,57,14,55,56,42
3581,16,57,14,55,56,42
3582,16,57,14,55,56,42
3583,16,57,14,55,56,42
3584,16,57,14,55,56,42
3585,16,57,14,55,56,42
3586,16,57,14,55,56,42
3587,16,57,14,55,56,42
3588,16,57,14,55,56,42
3589,16,57,14,55,56,42
3590,16,57,14,55,56,42
3591,16,57,14,55,56,42
3592,16,57,14,55,56,42
3593,17,57,15,55,56,41
3594,17,57,15,55,56,41
3595,17,57,15,55,56,41
3596,17,57,15,55,56,41
3597,17,57,15,55,56,41
3598,17,57,15,55,56,41
3599,17,57,15,55,56,41
3600,17,57,15,55,56,41
3601,17,57,15,55,56,41
3602,17,57,15,55,56,41
3603,17,57,15,55,56,41
3604,17,57,15,55,56,41
3605,17,57,15,55,56,41
3606,17,57,15,55,56,41
3607,17,57,15,55,56,41
3608,17,57,15,55,56,41
3609,17,57,15,55,56,41
3610,17,57,15,55,56,41
3611,17,57,15,55,56,41
3612,17,57,15,55,56,41
3613,17,57,15,55,56,41
3614,17,57,15,55,56,41
3615,17,57,15,55,56,41
3616,17,57,15,55,56,41
3617,17,57,15,55,56,41
3618,17,57,15,55,56,41
3619,17,57,15,55,56,41
3620,17,57,15,55,56,41
3621,17,57,15,55,56,41
3622,17,57,15,55,56,41
3623,17,57,15,55,56,41
3624,17,57,15,55,56,41
3625,17,57,15,55,56,41
3626,17,57,15,55,56,41
3627,17,57,15,55,56,41
3628,17,57,15,55,56,41
3629,17,57,15,55,56,41
3630,17,57,15,55,56,41
3631,17,57,15,55,56,41
3632,17,57,15,55,56,41
3633,17,57,15,55,56,41
3634,17,57,15,55,56,41
3635,17,57,15,55,56,41
3636,17,57,15,55,56,41
3637,17,57,15,55,56,41
3638,17,57,15,55,56,41
3639,17,57,15,55,56,41
3640,17,57,15,55,56,41
3641,17,57,15,55,56,41
3642,17,57,15,55,56,41
3643,17,57,15,55,56,41
3644,17,57,15,55,56,41
3645,17,57,15,55,56,41
3646,17,57,15,55,56,41
3647,17,57,15,55,56,41
3648,17,57,15,55,56,41
3649,18,57,16,55,56,40
3650,18,57,16,55,56,40
3651,18,57,16,55,56,40
3652,18,57,16,55,56,40
3653,18,57,16,55,56,40
3654,18,57,16,55,56,40
3655,18,57,16,55,56,40
3656,18,57,16,55,56,40
3657,18,57,16,55,56,40
3658,18,57,16,55,56,40
3659,18,57,16,55,56,40
3660,18,57,16,55,56,40
3661,18,57,16,55,56,40
3662,18,57,16,55,56,40
3663,18,57,16,55,56,40
3664,18,57,16,55,56,40
3665,18,57,16,55,56,40
3666,18,57,16,55,56,40
3667,18,57,16,55,56,40
3668,18,57,16,55,56,40
3669,18,57,16,55,56,40
3670,18,57,16,55,56,40
3671,18,57,16,55,56,40
3672,18,57,16,55,56,40
3673,18,57,16,55,56,40
3674,18,57,16,55,56,40
3675,18,57,16,55,56,40
3676,18,57,16,55,56,40
3677,18,57,16,55,56,40
3678,18,57,16,55,56,40
3679,18,57,16,55,56,40
3680,18,57,16,55,56,40
3681,18,57,16,55,56,40
3682,18,57,16,55,56,40
3683,18,57,16,55,56,40
3684,18,57,16,55,56,40
3685,18,57,16,55,56,40
3686,18,57,16,55,56,40
3687,18,57,16,55,56,40
3688,18,57,16,55,56,40
3689,18,57,16,55,56,40
3690,18,57,16,55,56,40
3691,18,57,16,55,56,40
3692,18,57,16,55,56,40
3693,18,57,16,55,56,40
3694,18,57,16,55,56,40
3695,19,57,17,55,56,39
3696,19,57,17,55,56,39
3697,19,57,17,55,56,39
3698,19,57,17,55,56,39
3699,19,57,17,55,56,39
3700,19,57,17,55,56,39
3701,19,57,17,55,56,39
3702,19,57,17,55,56,39
3703,19,57,17,55,56,39
3704,19,57,17,55,56,39
3705,19,57,17,55,56,39
3706,19,57,17,55,56,39
3707,19,57,17,55,56,39
3708,19,57,17,55,56,39
3709,19,57,17,55,56,39
3710,19,57,17,55,56,39
3711,19,57,17,55,56,39
3712,19,57,17,55,56,39
3713,19,57,17,55,56,39
3714,19,57,17,55,56,39
3715,19,57,17,55,56,39
3716,19,57,17,55,56,39
3717,19,57,17,55,56,39
3718,19,57,17,55,56,39
3719,19,57,17,55,56,39
3720,19,57,17,55,56,39
3721,19,57,17,55,56,39
3722,19,57,17,55,56,39
3723,19,57,17,55,56,39
3724,19,57,17,55,56,39
3725,19,57,17,55,56,39
3726,19,57,17,55,56,39
3727,19,57,17,55,56,39
3728,19,57,17,55,56,39
3729,19,57,17,55,56,39
3730,19,57,17,55,56,39
3731,19,57,17,55,56,39
3732,19,57,17,55,56,39
3733,19,57,17,55,56,39
3734,19,57,17,55,56,39
3735,20,57,18,55,56,38
3736,20,57,18,55,56,38
3737,20,57,18,55,56,38
3738,20,57,18,55,56,38
3739,20,57,18,55,56,38
3740,20,57,18,55,56,38
3741,20,57,18,55,56,38
3742,20,57,18,55,56,38
3743,20,57,18,55,56,38
3744,20,57,18,55,56,38
3745,20,57,18,55,56,38
3746,20,57,18,55,56,38
3747,20,57,18,55,56,38
3748,20,57,18,55,56,38
3749,20,57,18,55,56,38
3750,20,57,18,55,56,38
3751,20,57,18,55,56,38
3752,20,57,18,55,56,38
3753,20,57,18,55,56,38
3754,20,57,18,55,56,38
3755,20,57,18,55,56,38
3756,20,57,18,55,56,38
3757,20,57,18,55,56,38
3758,20,57,18,55,56,38
3759,20,57,18,55,56,38
3760,20,57,18,55,56,38
3761,20,57,18,55,56,38
3762,20,57,18,55,56,38
3763,20,57,18,55,56,38
3764,20,57,18,55,56,38
3765,20,57,18,55,56,38
3766,20,57,18,55,56,38
3767,20,57,18,55,56,38
3768,20,57,18,55,56,38
3769,20,57,18,55,56,38
3770,20,57,18,55,56,38
3771,20,57,18,55,56,38
3772,20,57,18,55,56,38
3773,21,57,19,55,56,37
3774,21,57,19,55,56,37
3775,21,57,19,55,56,37
3776,21,57,19,55,56,37
3777,21,57,19,55,56,37
3778,21,57,19,55,56,37
3779,21,57,19,55,56,37
3780,21,57,19,55,56,37
3781,21,57,19,55,56,37
3782,21,57,19,55,56,37
3783,21,57,19,55,56,37
3784,21,57,19,55,56,37
3785,21,57,19,55,56,37
3786,21,57,19,55,56,37
3787,21,57,19,55,56,37
3788,21,57,19,55,56,37
3789,21,57,19,55,56,37
3790,21,57,19,55,56,37
3791,21,57,19,55,56,37
3792,21,57,19,55,56,37
3793,21,57,19,55,56,37
3794,21,57,19,55,56,37
3795,21,57,19,55,56,37
3796,21,57,19,55,56,37
3797,21,57,19,55,56,37
3798,21,57,19,55,56,37
3799,21,57,19,55,56,37
3800,21,57,19,55,56,37
3801,21,57,19,55,56,37
3802,21,57,19,55,56,37
3803,21,57,19,55,56,37
3804,21,57,19,55,56,37
3805,21,57,19,55,56,37
3806,21,57,19,55,56,37
3807,21,57,19,55,56,37
3808,21,57,19,55,56,37
3809,22,57,20,55,56,36
3810,22,57,20,55,56,36
3811,22,57,20,55,56,36
3812,22,57,20,55,56,36
3813,22,57,20,55,56,36
3814,22,57,20,55,56,36
3815,22,57,20,55,56,36
3816,22,57,20,55,56,36
3817,22,57,20,55,56,36
3818,22,57,20,55,56,36
3819,22,57,20,55,56,36
3820,22,57,20,55,56,36
3821,22,57,20,55,56,36
3822,22,57,20,55,56,36
3823,22,57,20,55,56,36
3824,22,57,20,55,56,36
3825,22,57,20,55,56,36
3826,22,57,20,55,56,36
3827,22,57,20,55,56,36
3828,22,57,20,55,56,36
3829,22,57,20,55,56,36
3830,22,57,20,55,56,36
3831,22,57,20,55,56,36
3832,22,57,20,55,56,36
3833,22,57,20,55,56,36
3834,22,57,20,55,56,36
3835,22,57,20,55,56,36
3836,22,57,20,55,56,36
3837,22,57,20,55,56,36
3838,22,57,20,55,56,36
3839,22,57,20,55,56,36
3840,22,57,20,55,56,36
3841,22,57,20,55,56,36
3842,22,57,20,55,56,36
3843,22,57,20,55,56,36
3844,22,57,20,55,56,36
3845,23,57,21,55,56,35
3846,23,57,21,55,56,35
3847,23,57,21,55,56,35
3848,23,57,21,55,56,35
3849,23,57,21,55,56,35
3850,23,57,21,55,56,35
3851,23,57,21,55,56,35
3852,23,57,21,55,56,35
3853,23,57,21,55,56,35
3854,23,57,21,55,56,35
3855,23,57,21,55,56,35
3856,23,57,21,55,56,35
3857,23,57,21,55,56,35
3858,23,57,21,55,56,35
3859,23,57,21,55,56,35
3860,23,57,21,55,56,35
3861,23,57,21,55,56,35
3862,23,57,21,55,56,35
3863,23,57,21,55,56,35
3864,23,57,21,55,56,35
3865,23,57,21,55,56,35
3866,23,57,21,55,56,35
3867,23,57,21,55,56,35
3868,23,57,21,55,56,35
3869,23,57,21,55,56,35
3870,23,57,21,55,56,35
3871,23,57,21,55,56,35
3872,23,57,21,55,56,35
3873,23,57,21,55,56,35
3874,23,57,21,55,56,35
3875,23,57,21,55,56,35
3876,23,57,21,55,56,35
3877,23,57,21,55,56,35
3878,23,57,21,55,56,35
3879,24,57,22,55,56,34
3880,24,57,22,55,56,34
3881,24,57,22,55,56,34
3882,24,57,22,55,56,34
3883,24,57,22,55,56,34
3884,24,57,22,55,56,34
3885,24,57,22,55,56,34
3886,24,57,22,55,56,34
3887,24,57,22,55,56,34
3888,24,57,22,55,56,34
3889,24,57,22,55,56,34
3890,24,57,22,55,56,34
3891,24,57,22,55,56,34
3892,24,57,22,55,56,34
3893,24,57,22,55,56,34
3894,24,57,22,55,56,34
3895,24,57,22,55,56,34
3896,24,57,22,55,56,34
3897,24,57,22,55,56,34
3898,24,57,22,55,56,34
3899,24,57,22,55,56,34
3900,24,57,22,55,56,34
3901,24,57,22,55,56,34
3902,24,57,22,55,56,34
3903,24,57,22,55,56,34
3904,24,57,22,55,56,34
3905,24,57,22,55,56,34
3906,24,57,22,55,56,34
3907,24,57,22,55,56,34
3908,24,57,22,55,56,34
3909,24,57,22,55,56,34
3910,24,57,22,55,56,34
3911,24,57,22,55,56,34
3912,24,57,22,55,56,34
3913,25,57,23,55,56,33
3914,25,57,23,55,56,33
3915,25,57,23,55,56,33
3916,25,57,23,55,56,33
3917,25,57,23,55,56,33
3918,25,57,23,55,56,33
3919,25,57,23,55,56,33
3920,25,57,23,55,56,33
3921,25,57,23,55,56,33
3922,25,57,23,55,56,33
3923,25,57,23,55,56,33
3924,25,57,23,55,56,33
3925,25,57,23,55,56,33
3926,25,57,23,55,56,33
3927,25,57,23,55,56,33
3928,25,57,23,55,56,33
3929,25,57,23,55,56,33
3930,25,57,23,55,56,33
3931,25,57,23,55,56,33
3932,25,57,23,55,56,33
3933,25,57,23,55,56,33
3934,25,57,23,55,56,33
3935,25,57,23,55,56,33
3936,25,57,23,55,56,33
3937,25,57,23,55,56,33
3938,25,57,23,55,56,33
3939,25,57,23,55,56,33
3940,25,57,23,55,56,33
3941,25,57,23,55,56,33
3942,25,57,23,55,56,33
3943,25,57,23,55,56,33
3944,25,57,23,55,56,33
3945,26,57,24,55,56,32
3946,26,57,24,55,56,32
3947,26,57,24,55,56,32
3948,26,57,24,55,56,32
3949,26,57,24,55,56,32
3950,26,57,24,55,56,32
3951,26,57,24,55,56,32
3952,26,57,24,55,56,32
3953,26,57,24,55,56,32
3954,26,57,24,55,56,32
3955,26,57,24,55,56,32
3956,26,57,24,55,56,32
3957,26,57,24,55,56,32
3958,26,57,24,55,56,32
3959,26,57,24,55,56,32
3960,26,57,24,55,56,32
3961,26,57,24,55,56,32
3962,26,57,24,55,56,32
3963,26,57,24,55,56,32
3964,26,57,24,55,56,32
3965,26,57,24,55,56,32
3966,26,57,24,55,56,32
3967,26,57,24,55,56,32
3968,26,57,24,55,56,32
3969,26,57,24,55,56,32
3970,26,57,24,55,56,32
3971,26,57,24,55,56,32
3972,26,57,24,55,56,32
3973,27,57,25,55,56,31
3974,27,57,25,55,56,31
3975,27,57,25,55,56,31
3976,27,57,25,55,56,31
3977,27,57,25,55,56,31
3978,27,57,25,55,56,31
3979,27,57,25,55,56,31
3980,27,57,25,55,56,31
3981,27,57,25,55,56,31
3982,27,57,25,55,56,31
3983,27,57,25,55,56,31
3984,27,57,25,55,56,31
3985,27,57,25,55,56,31
3986,27,57,25,55,56,31
3987,27,57,25,55,56,31
3988,27,57,25,55,56,31
3989,27,57,25,55,56,31
3990,27,57,25,55,56,31
3991,27,57,25,55,56,31
3992,27,57,25,55,56,31
3993,27,57,25,55,56,31
3994,27,57,25,55,56,31
3995,27,57,25,55,56,31
3996,27,57,25,55,56,31
3997,28,57,26,55,56,30
3998,28,57,26,55,56,30
3999,28,57,26,55,56,30
4000,28,57,26,55,56,30
4001,28,57,26,55,56,30
4002,28,57,26,55,56,30
4003,28,57,26,55,56,30
4004,28,57,26,55,56,30
4005,28,57,26,55,56,30
4006,28,57,26,55,56,30
4007,28,57,26,55,56,30
4008,28,57,26,55,56,30
4009,28,57,26,55,56,30
4010,28,57,26,55,56,30
4011,28,57,26,55,56,30
4012,28,57,26,55,56,30
